Workbook
Name 產品: #REF!
Name 組合: 成本表_鎖匙扣!$A:$A
Name 組合: 報價表_鎖匙扣!$A:$A

Sheet 銷售_2026
A1: Free_Handsss_2026 | D1: 總營收: | E1: =40458+65676+139960+P1 -> 268173 | I1: 打印總數: | J1: =SUM(J3:J29) -> 43 | M1: =SUM(M3:M27) -> 28980 | N1: =SUM(N3:O29) -> 10670 | O1: =SUM(O3:O29) -> 0 | P1: =SUMIF(M3:M1017, ">0", P3:P1017) -> 22079 | Q1: =P1/M1 -> 0.76187026
A2: S/N | B2: 日期 | C2: 客人 | D2: 刻名 | E2: 刻日 | F2: 對象 | G2: 手腳 | H2: 產品 | I2: 材料 | J2: 數量 | K2: 組合 | L2: 批量 | M2: 金額 | N2: 成本 | O2: 調整 | P2: 營收 | Q2: 備注
A3: 1 | B3: 46029 | C3: Jasmine | D3: Yuna | E3: 1107 | F3: 嬰兒 | G3: 腳 | H3: 鎖匙扣 | I3: 不锈鋼 | J3: 4 | K3: (已掃手) | L3: 第31批 | M3: 2000 | N3: {=IF(鎖售表[[#This Row],[產品]]="鎖匙扣", _xlfn.XLOOKUP(鎖售表[[#This Row],[對象]]&鎖售表[[#This Row],[材料]]&鎖售表[[#This Row],[數量]], 成本表_鎖匙扣!$A$2:$A$100&成本表_鎖匙扣!$C$2:$C$100&成本表_鎖匙扣!$D$2:$D$100, 成本表_鎖匙扣!$E$2:$E$100, 0), _xlfn.XLOOKUP(鎖售表[[#This Row],[對象]]&鎖售表[[#This Row],[產品]]&鎖售表[[#This Row],[材料]]&鎖售表[[#This Row],[數量]], 成本表_吊飾!$A$2:$A$100&成本表_吊飾!$B$2:$B$100&成本表_吊飾!$C$2:$C$100&成本表_吊飾!$D$2:$D$100, 成本表_吊飾!$E$2:$E$100, 0) ) + IF(ISNUMBER(M3), ( IF(AND(A4="",M4=""),N4,0) + IF(AND(A4="",M4="",A5="",M5=""),N5,0) + IF(AND(A4="",M4="",A5="",M5="",A6="",M6=""),N6,0) + IF(AND(A4="",M4="",A5="",M5="",A6="",M6="",A7="",M7=""),N7,0) + IF(AND(A4="",M4="",A5="",M5="",A6="",M6="",A7="",M7="",A8="",M8=""),N8,0) + IF(AND(A4="",M4="",A5="",M5="",A6="",M6="",A7="",M7="",A8="",M8="",A9="",M9=""),N9,0) + IF(AND(A4="",M4="",A5="",M5="",A6="",M6="",A7="",M7="",A8="",M8="",A9="",M9="",A10="",M10=""),N10,0) + IF(AND(A4="",M4="",A5="",M5="",A6="",M6="",A7="",M7="",A8="",M8="",A9="",M9="",A10="",M10="",A11="",M11=""),N11,0) ) - ( INT( ( (H3="吊飾") + (IF(AND(A4="",M4=""),H4="吊飾",0)) + (IF(AND(A4="",M4="",A5="",M5=""),H5="吊飾",0)) + (IF(AND(A4="",M4="",A5="",M5="",A6="",M6=""),H6="吊飾",0)) + (IF(AND(A4="",M4="",A5="",M5="",A6="",M6="",A7="",M7=""),H7="吊飾",0)) + (IF(AND(A4="",M4="",A5="",M5="",A6="",M6="",A7="",M7="",A8="",M8=""),H8="吊飾",0)) + (IF(AND(A4="",M4="",A5="",M5="",A6="",M6="",A7="",M7="",A8="",M8="",A9="",M9=""),H9="吊飾",0)) + (IF(AND(A4="",M4="",A5="",M5="",A6="",M6="",A7="",M7="",A8="",M8="",A9="",M9="",A10="",M10=""),H10="吊飾",0)) ) / 2 ) * 220 + MAX(0, ( (H3="鎖匙扣") + (IF(AND(A4="",M4=""),H4="鎖匙扣",0)) + (IF(AND(A4="",M4="",A5="",M5=""),H5="鎖匙扣",0)) + (IF(AND(A4="",M4="",A5="",M5="",A6="",M6=""),H6="鎖匙扣",0)) + (IF(AND(A4="",M4="",A5="",M5="",A6="",M6="",A7="",M7=""),H7="鎖匙扣",0)) + (IF(AND(A4="",M4="",A5="",M5="",A6="",M6="",A7="",M7="",A8="",M8=""),H8="鎖匙扣",0)) + (IF(AND(A4="",M4="",A5="",M5="",A6="",M6="",A7="",M7="",A8="",M8="",A9="",M9=""),H9="鎖匙扣",0)) + (IF(AND(A4="",M4="",A5="",M5="",A6="",M6="",A7="",M7="",A8="",M8="",A9="",M9="",A10="",M10=""),H10="鎖匙扣",0)) ) - 1 ) * 20 ), 0 )} -> 500 | P3: =IF(ISNUMBER(M3), M3 - N3 - (O3 + IF(AND(A4="",M4=""),O4,0) + IF(AND(A4="",M4="",A5="",M5=""),O5,0) + IF(AND(A4="",M4="",A5="",M5="",A6="",M6=""),O6,0) + IF(AND(A4="",M4="",A5="",M5="",A6="",M6="",A7="",M7=""),O7,0) + IF(AND(A4="",M4="",A5="",M5="",A6="",M6="",A7="",M7="",A8="",M8=""),O8,0) + IF(AND(A4="",M4="",A5="",M5="",A6="",M6="",A7="",M7="",A8="",M8="",A9="",M9=""),O9,0) + IF(AND(A4="",M4="",A5="",M5="",A6="",M6="",A7="",M7="",A8="",M8="",A9="",M9="",A10="",M10=""),O10,0) + IF(AND(A4="",M4="",A5="",M5="",A6="",M6="",A7="",M7="",A8="",M8="",A9="",M9="",A10="",M10="",A11="",M11=""),O11,0) + IF(AND(A4="",M4="",A5="",M5="",A6="",M6="",A7="",M7="",A8="",M8="",A9="",M9="",A10="",M10="",A11="",M11="",A12="",M12=""),O12,0) ), -N3 - O3 ) -> 1500 | Q3: Done | S3: 2 代表畫完妥當
A4: 2 | B4: 46041 | C4: Akira | D4: LUCA | E4: 1223 | F4: 嬰兒 | G4: 手 | H4: 鎖匙扣 | I4: 不锈鋼 | J4: 1 | L4: 第31批 | M4: 3340 | N4: {=IF(鎖售表[[#This Row],[產品]]="鎖匙扣", _xlfn.XLOOKUP(鎖售表[[#This Row],[對象]]&鎖售表[[#This Row],[材料]]&鎖售表[[#This Row],[數量]], 成本表_鎖匙扣!$A$2:$A$100&成本表_鎖匙扣!$C$2:$C$100&成本表_鎖匙扣!$D$2:$D$100, 成本表_鎖匙扣!$E$2:$E$100, 0), _xlfn.XLOOKUP(鎖售表[[#This Row],[對象]]&鎖售表[[#This Row],[產品]]&鎖售表[[#This Row],[材料]]&鎖售表[[#This Row],[數量]], 成本表_吊飾!$A$2:$A$100&成本表_吊飾!$B$2:$B$100&成本表_吊飾!$C$2:$C$100&成本表_吊飾!$D$2:$D$100, 成本表_吊飾!$E$2:$E$100, 0) ) + IF(ISNUMBER(M4), ( IF(AND(A5="",M5=""),N5,0) + IF(AND(A5="",M5="",A6="",M6=""),N6,0) + IF(AND(A5="",M5="",A6="",M6="",A7="",M7=""),N7,0) + IF(AND(A5="",M5="",A6="",M6="",A7="",M7="",A8="",M8=""),N8,0) + IF(AND(A5="",M5="",A6="",M6="",A7="",M7="",A8="",M8="",A9="",M9=""),N9,0) + IF(AND(A5="",M5="",A6="",M6="",A7="",M7="",A8="",M8="",A9="",M9="",A10="",M10=""),N10,0) + IF(AND(A5="",M5="",A6="",M6="",A7="",M7="",A8="",M8="",A9="",M9="",A10="",M10="",A11="",M11=""),N11,0) + IF(AND(A5="",M5="",A6="",M6="",A7="",M7="",A8="",M8="",A9="",M9="",A10="",M10="",A11="",M11="",A12="",M12=""),N12,0) ) - ( INT( ( (H4="吊飾") + (IF(AND(A5="",M5=""),H5="吊飾",0)) + (IF(AND(A5="",M5="",A6="",M6=""),H6="吊飾",0)) + (IF(AND(A5="",M5="",A6="",M6="",A7="",M7=""),H7="吊飾",0)) + (IF(AND(A5="",M5="",A6="",M6="",A7="",M7="",A8="",M8=""),H8="吊飾",0)) + (IF(AND(A5="",M5="",A6="",M6="",A7="",M7="",A8="",M8="",A9="",M9=""),H9="吊飾",0)) + (IF(AND(A5="",M5="",A6="",M6="",A7="",M7="",A8="",M8="",A9="",M9="",A10="",M10=""),H10="吊飾",0)) + (IF(AND(A5="",M5="",A6="",M6="",A7="",M7="",A8="",M8="",A9="",M9="",A10="",M10="",A11="",M11=""),H11="吊飾",0)) ) / 2 ) * 220 + MAX(0, ( (H4="鎖匙扣") + (IF(AND(A5="",M5=""),H5="鎖匙扣",0)) + (IF(AND(A5="",M5="",A6="",M6=""),H6="鎖匙扣",0)) + (IF(AND(A5="",M5="",A6="",M6="",A7="",M7=""),H7="鎖匙扣",0)) + (IF(AND(A5="",M5="",A6="",M6="",A7="",M7="",A8="",M8=""),H8="鎖匙扣",0)) + (IF(AND(A5="",M5="",A6="",M6="",A7="",M7="",A8="",M8="",A9="",M9=""),H9="鎖匙扣",0)) + (IF(AND(A5="",M5="",A6="",M6="",A7="",M7="",A8="",M8="",A9="",M9="",A10="",M10=""),H10="鎖匙扣",0)) + (IF(AND(A5="",M5="",A6="",M6="",A7="",M7="",A8="",M8="",A9="",M9="",A10="",M10="",A11="",M11=""),H11="鎖匙扣",0)) ) - 1 ) * 20 ), 0 )} -> 680 | P4: =IF(ISNUMBER(M4), M4 - N4 - (O4 + IF(AND(A5="",M5=""),O5,0) + IF(AND(A5="",M5="",A6="",M6=""),O6,0) + IF(AND(A5="",M5="",A6="",M6="",A7="",M7=""),O7,0) + IF(AND(A5="",M5="",A6="",M6="",A7="",M7="",A8="",M8=""),O8,0) + IF(AND(A5="",M5="",A6="",M6="",A7="",M7="",A8="",M8="",A9="",M9=""),O9,0) + IF(AND(A5="",M5="",A6="",M6="",A7="",M7="",A8="",M8="",A9="",M9="",A10="",M10=""),O10,0) + IF(AND(A5="",M5="",A6="",M6="",A7="",M7="",A8="",M8="",A9="",M9="",A10="",M10="",A11="",M11=""),O11,0) + IF(AND(A5="",M5="",A6="",M6="",A7="",M7="",A8="",M8="",A9="",M9="",A10="",M10="",A11="",M11="",A12="",M12=""),O12,0) + IF(AND(A5="",M5="",A6="",M6="",A7="",M7="",A8="",M8="",A9="",M9="",A10="",M10="",A11="",M11="",A12="",M12="",A13="",M13=""),O13,0) ), -N4 - O4 ) -> 2660 | Q4: Done | S4: 3 代表廠商打印
F5: 嬰兒 | G5: 手 | H5: 鎖匙扣 | I5: 不锈鋼 | J5: 1 | L5: 第31批 | N5: {=IF(鎖售表[[#This Row],[產品]]="鎖匙扣", _xlfn.XLOOKUP(鎖售表[[#This Row],[對象]]&鎖售表[[#This Row],[材料]]&鎖售表[[#This Row],[數量]], 成本表_鎖匙扣!$A$2:$A$100&成本表_鎖匙扣!$C$2:$C$100&成本表_鎖匙扣!$D$2:$D$100, 成本表_鎖匙扣!$E$2:$E$100, 0), _xlfn.XLOOKUP(鎖售表[[#This Row],[對象]]&鎖售表[[#This Row],[產品]]&鎖售表[[#This Row],[材料]]&鎖售表[[#This Row],[數量]], 成本表_吊飾!$A$2:$A$100&成本表_吊飾!$B$2:$B$100&成本表_吊飾!$C$2:$C$100&成本表_吊飾!$D$2:$D$100, 成本表_吊飾!$E$2:$E$100, 0) ) + IF(ISNUMBER(M5), ( IF(AND(A6="",M6=""),N6,0) + IF(AND(A6="",M6="",A7="",M7=""),N7,0) + IF(AND(A6="",M6="",A7="",M7="",A8="",M8=""),N8,0) + IF(AND(A6="",M6="",A7="",M7="",A8="",M8="",A9="",M9=""),N9,0) + IF(AND(A6="",M6="",A7="",M7="",A8="",M8="",A9="",M9="",A10="",M10=""),N10,0) + IF(AND(A6="",M6="",A7="",M7="",A8="",M8="",A9="",M9="",A10="",M10="",A11="",M11=""),N11,0) + IF(AND(A6="",M6="",A7="",M7="",A8="",M8="",A9="",M9="",A10="",M10="",A11="",M11="",A12="",M12=""),N12,0) + IF(AND(A6="",M6="",A7="",M7="",A8="",M8="",A9="",M9="",A10="",M10="",A11="",M11="",A12="",M12="",A13="",M13=""),N13,0) ) - ( INT( ( (H5="吊飾") + (IF(AND(A6="",M6=""),H6="吊飾",0)) + (IF(AND(A6="",M6="",A7="",M7=""),H7="吊飾",0)) + (IF(AND(A6="",M6="",A7="",M7="",A8="",M8=""),H8="吊飾",0)) + (IF(AND(A6="",M6="",A7="",M7="",A8="",M8="",A9="",M9=""),H9="吊飾",0)) + (IF(AND(A6="",M6="",A7="",M7="",A8="",M8="",A9="",M9="",A10="",M10=""),H10="吊飾",0)) + (IF(AND(A6="",M6="",A7="",M7="",A8="",M8="",A9="",M9="",A10="",M10="",A11="",M11=""),H11="吊飾",0)) + (IF(AND(A6="",M6="",A7="",M7="",A8="",M8="",A9="",M9="",A10="",M10="",A11="",M11="",A12="",M12=""),H12="吊飾",0)) ) / 2 ) * 220 + MAX(0, ( (H5="鎖匙扣") + (IF(AND(A6="",M6=""),H6="鎖匙扣",0)) + (IF(AND(A6="",M6="",A7="",M7=""),H7="鎖匙扣",0)) + (IF(AND(A6="",M6="",A7="",M7="",A8="",M8=""),H8="鎖匙扣",0)) + (IF(AND(A6="",M6="",A7="",M7="",A8="",M8="",A9="",M9=""),H9="鎖匙扣",0)) + (IF(AND(A6="",M6="",A7="",M7="",A8="",M8="",A9="",M9="",A10="",M10=""),H10="鎖匙扣",0)) + (IF(AND(A6="",M6="",A7="",M7="",A8="",M8="",A9="",M9="",A10="",M10="",A11="",M11=""),H11="鎖匙扣",0)) + (IF(AND(A6="",M6="",A7="",M7="",A8="",M8="",A9="",M9="",A10="",M10="",A11="",M11="",A12="",M12=""),H12="鎖匙扣",0)) ) - 1 ) * 20 ), 0 )} -> 185 | P5: =IF(ISNUMBER(M5), M5 - N5 - (O5 + IF(AND(A6="",M6=""),O6,0) + IF(AND(A6="",M6="",A7="",M7=""),O7,0) + IF(AND(A6="",M6="",A7="",M7="",A8="",M8=""),O8,0) + IF(AND(A6="",M6="",A7="",M7="",A8="",M8="",A9="",M9=""),O9,0) + IF(AND(A6="",M6="",A7="",M7="",A8="",M8="",A9="",M9="",A10="",M10=""),O10,0) + IF(AND(A6="",M6="",A7="",M7="",A8="",M8="",A9="",M9="",A10="",M10="",A11="",M11=""),O11,0) + IF(AND(A6="",M6="",A7="",M7="",A8="",M8="",A9="",M9="",A10="",M10="",A11="",M11="",A12="",M12=""),O12,0) + IF(AND(A6="",M6="",A7="",M7="",A8="",M8="",A9="",M9="",A10="",M10="",A11="",M11="",A12="",M12="",A13="",M13=""),O13,0) + IF(AND(A6="",M6="",A7="",M7="",A8="",M8="",A9="",M9="",A10="",M10="",A11="",M11="",A12="",M12="",A13="",M13="",A14="",M14=""),O14,0) ), -N5 - O5 ) -> -185 | Q5: Done
F6: 嬰兒 | G6: 腳 | H6: 鎖匙扣 | I6: 不锈鋼 | J6: 1 | L6: 第31批 | N6: {=IF(鎖售表[[#This Row],[產品]]="鎖匙扣", _xlfn.XLOOKUP(鎖售表[[#This Row],[對象]]&鎖售表[[#This Row],[材料]]&鎖售表[[#This Row],[數量]], 成本表_鎖匙扣!$A$2:$A$100&成本表_鎖匙扣!$C$2:$C$100&成本表_鎖匙扣!$D$2:$D$100, 成本表_鎖匙扣!$E$2:$E$100, 0), _xlfn.XLOOKUP(鎖售表[[#This Row],[對象]]&鎖售表[[#This Row],[產品]]&鎖售表[[#This Row],[材料]]&鎖售表[[#This Row],[數量]], 成本表_吊飾!$A$2:$A$100&成本表_吊飾!$B$2:$B$100&成本表_吊飾!$C$2:$C$100&成本表_吊飾!$D$2:$D$100, 成本表_吊飾!$E$2:$E$100, 0) ) + IF(ISNUMBER(M6), ( IF(AND(A7="",M7=""),N7,0) + IF(AND(A7="",M7="",A8="",M8=""),N8,0) + IF(AND(A7="",M7="",A8="",M8="",A9="",M9=""),N9,0) + IF(AND(A7="",M7="",A8="",M8="",A9="",M9="",A10="",M10=""),N10,0) + IF(AND(A7="",M7="",A8="",M8="",A9="",M9="",A10="",M10="",A11="",M11=""),N11,0) + IF(AND(A7="",M7="",A8="",M8="",A9="",M9="",A10="",M10="",A11="",M11="",A12="",M12=""),N12,0) + IF(AND(A7="",M7="",A8="",M8="",A9="",M9="",A10="",M10="",A11="",M11="",A12="",M12="",A13="",M13=""),N13,0) + IF(AND(A7="",M7="",A8="",M8="",A9="",M9="",A10="",M10="",A11="",M11="",A12="",M12="",A13="",M13="",A14="",M14=""),N14,0) ) - ( INT( ( (H6="吊飾") + (IF(AND(A7="",M7=""),H7="吊飾",0)) + (IF(AND(A7="",M7="",A8="",M8=""),H8="吊飾",0)) + (IF(AND(A7="",M7="",A8="",M8="",A9="",M9=""),H9="吊飾",0)) + (IF(AND(A7="",M7="",A8="",M8="",A9="",M9="",A10="",M10=""),H10="吊飾",0)) + (IF(AND(A7="",M7="",A8="",M8="",A9="",M9="",A10="",M10="",A11="",M11=""),H11="吊飾",0)) + (IF(AND(A7="",M7="",A8="",M8="",A9="",M9="",A10="",M10="",A11="",M11="",A12="",M12=""),H12="吊飾",0)) + (IF(AND(A7="",M7="",A8="",M8="",A9="",M9="",A10="",M10="",A11="",M11="",A12="",M12="",A13="",M13=""),H13="吊飾",0)) ) / 2 ) * 220 + MAX(0, ( (H6="鎖匙扣") + (IF(AND(A7="",M7=""),H7="鎖匙扣",0)) + (IF(AND(A7="",M7="",A8="",M8=""),H8="鎖匙扣",0)) + (IF(AND(A7="",M7="",A8="",M8="",A9="",M9=""),H9="鎖匙扣",0)) + (IF(AND(A7="",M7="",A8="",M8="",A9="",M9="",A10="",M10=""),H10="鎖匙扣",0)) + (IF(AND(A7="",M7="",A8="",M8="",A9="",M9="",A10="",M10="",A11="",M11=""),H11="鎖匙扣",0)) + (IF(AND(A7="",M7="",A8="",M8="",A9="",M9="",A10="",M10="",A11="",M11="",A12="",M12=""),H12="鎖匙扣",0)) + (IF(AND(A7="",M7="",A8="",M8="",A9="",M9="",A10="",M10="",A11="",M11="",A12="",M12="",A13="",M13=""),H13="鎖匙扣",0)) ) - 1 ) * 20 ), 0 )} -> 185 | P6: =IF(ISNUMBER(M6), M6 - N6 - (O6 + IF(AND(A7="",M7=""),O7,0) + IF(AND(A7="",M7="",A8="",M8=""),O8,0) + IF(AND(A7="",M7="",A8="",M8="",A9="",M9=""),O9,0) + IF(AND(A7="",M7="",A8="",M8="",A9="",M9="",A10="",M10=""),O10,0) + IF(AND(A7="",M7="",A8="",M8="",A9="",M9="",A10="",M10="",A11="",M11=""),O11,0) + IF(AND(A7="",M7="",A8="",M8="",A9="",M9="",A10="",M10="",A11="",M11="",A12="",M12=""),O12,0) + IF(AND(A7="",M7="",A8="",M8="",A9="",M9="",A10="",M10="",A11="",M11="",A12="",M12="",A13="",M13=""),O13,0) + IF(AND(A7="",M7="",A8="",M8="",A9="",M9="",A10="",M10="",A11="",M11="",A12="",M12="",A13="",M13="",A14="",M14=""),O14,0) + IF(AND(A7="",M7="",A8="",M8="",A9="",M9="",A10="",M10="",A11="",M11="",A12="",M12="",A13="",M13="",A14="",M14="",A15="",M15=""),O15,0) ), -N6 - O6 ) -> -185 | Q6: Done
F7: 嬰兒 | G7: 腳 | H7: 鎖匙扣 | I7: 不锈鋼 | J7: 1 | L7: 第31批 | N7: {=IF(鎖售表[[#This Row],[產品]]="鎖匙扣", _xlfn.XLOOKUP(鎖售表[[#This Row],[對象]]&鎖售表[[#This Row],[材料]]&鎖售表[[#This Row],[數量]], 成本表_鎖匙扣!$A$2:$A$100&成本表_鎖匙扣!$C$2:$C$100&成本表_鎖匙扣!$D$2:$D$100, 成本表_鎖匙扣!$E$2:$E$100, 0), _xlfn.XLOOKUP(鎖售表[[#This Row],[對象]]&鎖售表[[#This Row],[產品]]&鎖售表[[#This Row],[材料]]&鎖售表[[#This Row],[數量]], 成本表_吊飾!$A$2:$A$100&成本表_吊飾!$B$2:$B$100&成本表_吊飾!$C$2:$C$100&成本表_吊飾!$D$2:$D$100, 成本表_吊飾!$E$2:$E$100, 0) ) + IF(ISNUMBER(M7), ( IF(AND(A8="",M8=""),N8,0) + IF(AND(A8="",M8="",A9="",M9=""),N9,0) + IF(AND(A8="",M8="",A9="",M9="",A10="",M10=""),N10,0) + IF(AND(A8="",M8="",A9="",M9="",A10="",M10="",A11="",M11=""),N11,0) + IF(AND(A8="",M8="",A9="",M9="",A10="",M10="",A11="",M11="",A12="",M12=""),N12,0) + IF(AND(A8="",M8="",A9="",M9="",A10="",M10="",A11="",M11="",A12="",M12="",A13="",M13=""),N13,0) + IF(AND(A8="",M8="",A9="",M9="",A10="",M10="",A11="",M11="",A12="",M12="",A13="",M13="",A14="",M14=""),N14,0) + IF(AND(A8="",M8="",A9="",M9="",A10="",M10="",A11="",M11="",A12="",M12="",A13="",M13="",A14="",M14="",A15="",M15=""),N15,0) ) - ( INT( ( (H7="吊飾") + (IF(AND(A8="",M8=""),H8="吊飾",0)) + (IF(AND(A8="",M8="",A9="",M9=""),H9="吊飾",0)) + (IF(AND(A8="",M8="",A9="",M9="",A10="",M10=""),H10="吊飾",0)) + (IF(AND(A8="",M8="",A9="",M9="",A10="",M10="",A11="",M11=""),H11="吊飾",0)) + (IF(AND(A8="",M8="",A9="",M9="",A10="",M10="",A11="",M11="",A12="",M12=""),H12="吊飾",0)) + (IF(AND(A8="",M8="",A9="",M9="",A10="",M10="",A11="",M11="",A12="",M12="",A13="",M13=""),H13="吊飾",0)) + (IF(AND(A8="",M8="",A9="",M9="",A10="",M10="",A11="",M11="",A12="",M12="",A13="",M13="",A14="",M14=""),H14="吊飾",0)) ) / 2 ) * 220 + MAX(0, ( (H7="鎖匙扣") + (IF(AND(A8="",M8=""),H8="鎖匙扣",0)) + (IF(AND(A8="",M8="",A9="",M9=""),H9="鎖匙扣",0)) + (IF(AND(A8="",M8="",A9="",M9="",A10="",M10=""),H10="鎖匙扣",0)) + (IF(AND(A8="",M8="",A9="",M9="",A10="",M10="",A11="",M11=""),H11="鎖匙扣",0)) + (IF(AND(A8="",M8="",A9="",M9="",A10="",M10="",A11="",M11="",A12="",M12=""),H12="鎖匙扣",0)) + (IF(AND(A8="",M8="",A9="",M9="",A10="",M10="",A11="",M11="",A12="",M12="",A13="",M13=""),H13="鎖匙扣",0)) + (IF(AND(A8="",M8="",A9="",M9="",A10="",M10="",A11="",M11="",A12="",M12="",A13="",M13="",A14="",M14=""),H14="鎖匙扣",0)) ) - 1 ) * 20 ), 0 )} -> 185 | P7: =IF(ISNUMBER(M7), M7 - N7 - (O7 + IF(AND(A8="",M8=""),O8,0) + IF(AND(A8="",M8="",A9="",M9=""),O9,0) + IF(AND(A8="",M8="",A9="",M9="",A10="",M10=""),O10,0) + IF(AND(A8="",M8="",A9="",M9="",A10="",M10="",A11="",M11=""),O11,0) + IF(AND(A8="",M8="",A9="",M9="",A10="",M10="",A11="",M11="",A12="",M12=""),O12,0) + IF(AND(A8="",M8="",A9="",M9="",A10="",M10="",A11="",M11="",A12="",M12="",A13="",M13=""),O13,0) + IF(AND(A8="",M8="",A9="",M9="",A10="",M10="",A11="",M11="",A12="",M12="",A13="",M13="",A14="",M14=""),O14,0) + IF(AND(A8="",M8="",A9="",M9="",A10="",M10="",A11="",M11="",A12="",M12="",A13="",M13="",A14="",M14="",A15="",M15=""),O15,0) + IF(AND(A8="",M8="",A9="",M9="",A10="",M10="",A11="",M11="",A12="",M12="",A13="",M13="",A14="",M14="",A15="",M15="",A16="",M16=""),O16,0) ), -N7 - O7 ) -> -185 | Q7: Done
A8: 3 | B8: 46042 | C8: WingLee | D8: LY | E8: 6.12 | F8: 嬰兒(P) | G8: 手 | H8: 鎖匙扣 | I8: 不锈鋼 | J8: 1 | K8: 右手 | L8: 第32批 | M8: 2160 | N8: {=IF(鎖售表[[#This Row],[產品]]="鎖匙扣", _xlfn.XLOOKUP(鎖售表[[#This Row],[對象]]&鎖售表[[#This Row],[材料]]&鎖售表[[#This Row],[數量]], 成本表_鎖匙扣!$A$2:$A$100&成本表_鎖匙扣!$C$2:$C$100&成本表_鎖匙扣!$D$2:$D$100, 成本表_鎖匙扣!$E$2:$E$100, 0), _xlfn.XLOOKUP(鎖售表[[#This Row],[對象]]&鎖售表[[#This Row],[產品]]&鎖售表[[#This Row],[材料]]&鎖售表[[#This Row],[數量]], 成本表_吊飾!$A$2:$A$100&成本表_吊飾!$B$2:$B$100&成本表_吊飾!$C$2:$C$100&成本表_吊飾!$D$2:$D$100, 成本表_吊飾!$E$2:$E$100, 0) ) + IF(ISNUMBER(M8), ( IF(AND(A9="",M9=""),N9,0) + IF(AND(A9="",M9="",A10="",M10=""),N10,0) + IF(AND(A9="",M9="",A10="",M10="",A11="",M11=""),N11,0) + IF(AND(A9="",M9="",A10="",M10="",A11="",M11="",A12="",M12=""),N12,0) + IF(AND(A9="",M9="",A10="",M10="",A11="",M11="",A12="",M12="",A13="",M13=""),N13,0) + IF(AND(A9="",M9="",A10="",M10="",A11="",M11="",A12="",M12="",A13="",M13="",A14="",M14=""),N14,0) + IF(AND(A9="",M9="",A10="",M10="",A11="",M11="",A12="",M12="",A13="",M13="",A14="",M14="",A15="",M15=""),N15,0) + IF(AND(A9="",M9="",A10="",M10="",A11="",M11="",A12="",M12="",A13="",M13="",A14="",M14="",A15="",M15="",A16="",M16=""),N16,0) ) - ( INT( ( (H8="吊飾") + (IF(AND(A9="",M9=""),H9="吊飾",0)) + (IF(AND(A9="",M9="",A10="",M10=""),H10="吊飾",0)) + (IF(AND(A9="",M9="",A10="",M10="",A11="",M11=""),H11="吊飾",0)) + (IF(AND(A9="",M9="",A10="",M10="",A11="",M11="",A12="",M12=""),H12="吊飾",0)) + (IF(AND(A9="",M9="",A10="",M10="",A11="",M11="",A12="",M12="",A13="",M13=""),H13="吊飾",0)) + (IF(AND(A9="",M9="",A10="",M10="",A11="",M11="",A12="",M12="",A13="",M13="",A14="",M14=""),H14="吊飾",0)) + (IF(AND(A9="",M9="",A10="",M10="",A11="",M11="",A12="",M12="",A13="",M13="",A14="",M14="",A15="",M15=""),H15="吊飾",0)) ) / 2 ) * 220 + MAX(0, ( (H8="鎖匙扣") + (IF(AND(A9="",M9=""),H9="鎖匙扣",0)) + (IF(AND(A9="",M9="",A10="",M10=""),H10="鎖匙扣",0)) + (IF(AND(A9="",M9="",A10="",M10="",A11="",M11=""),H11="鎖匙扣",0)) + (IF(AND(A9="",M9="",A10="",M10="",A11="",M11="",A12="",M12=""),H12="鎖匙扣",0)) + (IF(AND(A9="",M9="",A10="",M10="",A11="",M11="",A12="",M12="",A13="",M13=""),H13="鎖匙扣",0)) + (IF(AND(A9="",M9="",A10="",M10="",A11="",M11="",A12="",M12="",A13="",M13="",A14="",M14=""),H14="鎖匙扣",0)) + (IF(AND(A9="",M9="",A10="",M10="",A11="",M11="",A12="",M12="",A13="",M13="",A14="",M14="",A15="",M15=""),H15="鎖匙扣",0)) ) - 1 ) * 20 ), 0 )} -> 474 | P8: =IF(ISNUMBER(M8), M8 - N8 - (O8 + IF(AND(A9="",M9=""),O9,0) + IF(AND(A9="",M9="",A10="",M10=""),O10,0) + IF(AND(A9="",M9="",A10="",M10="",A11="",M11=""),O11,0) + IF(AND(A9="",M9="",A10="",M10="",A11="",M11="",A12="",M12=""),O12,0) + IF(AND(A9="",M9="",A10="",M10="",A11="",M11="",A12="",M12="",A13="",M13=""),O13,0) + IF(AND(A9="",M9="",A10="",M10="",A11="",M11="",A12="",M12="",A13="",M13="",A14="",M14=""),O14,0) + IF(AND(A9="",M9="",A10="",M10="",A11="",M11="",A12="",M12="",A13="",M13="",A14="",M14="",A15="",M15=""),O15,0) + IF(AND(A9="",M9="",A10="",M10="",A11="",M11="",A12="",M12="",A13="",M13="",A14="",M14="",A15="",M15="",A16="",M16=""),O16,0) + IF(AND(A9="",M9="",A10="",M10="",A11="",M11="",A12="",M12="",A13="",M13="",A14="",M14="",A15="",M15="",A16="",M16="",A17="",M17=""),O17,0) ), -N8 - O8 ) -> 1686 | Q8: 2
F9: 嬰兒(P) | G9: 腳 | H9: 鎖匙扣 | I9: 不锈鋼 | J9: 1 | K9: 右腳 | L9: 第32批 | N9: {=IF(鎖售表[[#This Row],[產品]]="鎖匙扣", _xlfn.XLOOKUP(鎖售表[[#This Row],[對象]]&鎖售表[[#This Row],[材料]]&鎖售表[[#This Row],[數量]], 成本表_鎖匙扣!$A$2:$A$100&成本表_鎖匙扣!$C$2:$C$100&成本表_鎖匙扣!$D$2:$D$100, 成本表_鎖匙扣!$E$2:$E$100, 0), _xlfn.XLOOKUP(鎖售表[[#This Row],[對象]]&鎖售表[[#This Row],[產品]]&鎖售表[[#This Row],[材料]]&鎖售表[[#This Row],[數量]], 成本表_吊飾!$A$2:$A$100&成本表_吊飾!$B$2:$B$100&成本表_吊飾!$C$2:$C$100&成本表_吊飾!$D$2:$D$100, 成本表_吊飾!$E$2:$E$100, 0) ) + IF(ISNUMBER(M9), ( IF(AND(A10="",M10=""),N10,0) + IF(AND(A10="",M10="",A11="",M11=""),N11,0) + IF(AND(A10="",M10="",A11="",M11="",A12="",M12=""),N12,0) + IF(AND(A10="",M10="",A11="",M11="",A12="",M12="",A13="",M13=""),N13,0) + IF(AND(A10="",M10="",A11="",M11="",A12="",M12="",A13="",M13="",A14="",M14=""),N14,0) + IF(AND(A10="",M10="",A11="",M11="",A12="",M12="",A13="",M13="",A14="",M14="",A15="",M15=""),N15,0) + IF(AND(A10="",M10="",A11="",M11="",A12="",M12="",A13="",M13="",A14="",M14="",A15="",M15="",A16="",M16=""),N16,0) + IF(AND(A10="",M10="",A11="",M11="",A12="",M12="",A13="",M13="",A14="",M14="",A15="",M15="",A16="",M16="",A17="",M17=""),N17,0) ) - ( INT( ( (H9="吊飾") + (IF(AND(A10="",M10=""),H10="吊飾",0)) + (IF(AND(A10="",M10="",A11="",M11=""),H11="吊飾",0)) + (IF(AND(A10="",M10="",A11="",M11="",A12="",M12=""),H12="吊飾",0)) + (IF(AND(A10="",M10="",A11="",M11="",A12="",M12="",A13="",M13=""),H13="吊飾",0)) + (IF(AND(A10="",M10="",A11="",M11="",A12="",M12="",A13="",M13="",A14="",M14=""),H14="吊飾",0)) + (IF(AND(A10="",M10="",A11="",M11="",A12="",M12="",A13="",M13="",A14="",M14="",A15="",M15=""),H15="吊飾",0)) + (IF(AND(A10="",M10="",A11="",M11="",A12="",M12="",A13="",M13="",A14="",M14="",A15="",M15="",A16="",M16=""),H16="吊飾",0)) ) / 2 ) * 220 + MAX(0, ( (H9="鎖匙扣") + (IF(AND(A10="",M10=""),H10="鎖匙扣",0)) + (IF(AND(A10="",M10="",A11="",M11=""),H11="鎖匙扣",0)) + (IF(AND(A10="",M10="",A11="",M11="",A12="",M12=""),H12="鎖匙扣",0)) + (IF(AND(A10="",M10="",A11="",M11="",A12="",M12="",A13="",M13=""),H13="鎖匙扣",0)) + (IF(AND(A10="",M10="",A11="",M11="",A12="",M12="",A13="",M13="",A14="",M14=""),H14="鎖匙扣",0)) + (IF(AND(A10="",M10="",A11="",M11="",A12="",M12="",A13="",M13="",A14="",M14="",A15="",M15=""),H15="鎖匙扣",0)) + (IF(AND(A10="",M10="",A11="",M11="",A12="",M12="",A13="",M13="",A14="",M14="",A15="",M15="",A16="",M16=""),H16="鎖匙扣",0)) ) - 1 ) * 20 ), 0 )} -> 247 | P9: =IF(ISNUMBER(M9), M9 - N9 - (O9 + IF(AND(A10="",M10=""),O10,0) + IF(AND(A10="",M10="",A11="",M11=""),O11,0) + IF(AND(A10="",M10="",A11="",M11="",A12="",M12=""),O12,0) + IF(AND(A10="",M10="",A11="",M11="",A12="",M12="",A13="",M13=""),O13,0) + IF(AND(A10="",M10="",A11="",M11="",A12="",M12="",A13="",M13="",A14="",M14=""),O14,0) + IF(AND(A10="",M10="",A11="",M11="",A12="",M12="",A13="",M13="",A14="",M14="",A15="",M15=""),O15,0) + IF(AND(A10="",M10="",A11="",M11="",A12="",M12="",A13="",M13="",A14="",M14="",A15="",M15="",A16="",M16=""),O16,0) + IF(AND(A10="",M10="",A11="",M11="",A12="",M12="",A13="",M13="",A14="",M14="",A15="",M15="",A16="",M16="",A17="",M17=""),O17,0) + IF(AND(A10="",M10="",A11="",M11="",A12="",M12="",A13="",M13="",A14="",M14="",A15="",M15="",A16="",M16="",A17="",M17="",A18="",M18=""),O18,0) ), -N9 - O9 ) -> -247 | Q9: 2
A10: 4 | B10: 46046 | C10: Kathleen | D10: ALI | E10: CIA | F10: 嬰兒 | G10: 手 | H10: 鎖匙扣 | I10: 不锈鋼 | J10: 2 | L10: 第32批 | M10: 3980 | N10: {=IF(鎖售表[[#This Row],[產品]]="鎖匙扣", _xlfn.XLOOKUP(鎖售表[[#This Row],[對象]]&鎖售表[[#This Row],[材料]]&鎖售表[[#This Row],[數量]], 成本表_鎖匙扣!$A$2:$A$100&成本表_鎖匙扣!$C$2:$C$100&成本表_鎖匙扣!$D$2:$D$100, 成本表_鎖匙扣!$E$2:$E$100, 0), _xlfn.XLOOKUP(鎖售表[[#This Row],[對象]]&鎖售表[[#This Row],[產品]]&鎖售表[[#This Row],[材料]]&鎖售表[[#This Row],[數量]], 成本表_吊飾!$A$2:$A$100&成本表_吊飾!$B$2:$B$100&成本表_吊飾!$C$2:$C$100&成本表_吊飾!$D$2:$D$100, 成本表_吊飾!$E$2:$E$100, 0) ) + IF(ISNUMBER(M10), ( IF(AND(A11="",M11=""),N11,0) + IF(AND(A11="",M11="",A12="",M12=""),N12,0) + IF(AND(A11="",M11="",A12="",M12="",A13="",M13=""),N13,0) + IF(AND(A11="",M11="",A12="",M12="",A13="",M13="",A14="",M14=""),N14,0) + IF(AND(A11="",M11="",A12="",M12="",A13="",M13="",A14="",M14="",A15="",M15=""),N15,0) + IF(AND(A11="",M11="",A12="",M12="",A13="",M13="",A14="",M14="",A15="",M15="",A16="",M16=""),N16,0) + IF(AND(A11="",M11="",A12="",M12="",A13="",M13="",A14="",M14="",A15="",M15="",A16="",M16="",A17="",M17=""),N17,0) + IF(AND(A11="",M11="",A12="",M12="",A13="",M13="",A14="",M14="",A15="",M15="",A16="",M16="",A17="",M17="",A18="",M18=""),N18,0) ) - ( INT( ( (H10="吊飾") + (IF(AND(A11="",M11=""),H11="吊飾",0)) + (IF(AND(A11="",M11="",A12="",M12=""),H12="吊飾",0)) + (IF(AND(A11="",M11="",A12="",M12="",A13="",M13=""),H13="吊飾",0)) + (IF(AND(A11="",M11="",A12="",M12="",A13="",M13="",A14="",M14=""),H14="吊飾",0)) + (IF(AND(A11="",M11="",A12="",M12="",A13="",M13="",A14="",M14="",A15="",M15=""),H15="吊飾",0)) + (IF(AND(A11="",M11="",A12="",M12="",A13="",M13="",A14="",M14="",A15="",M15="",A16="",M16=""),H16="吊飾",0)) + (IF(AND(A11="",M11="",A12="",M12="",A13="",M13="",A14="",M14="",A15="",M15="",A16="",M16="",A17="",M17=""),H17="吊飾",0)) ) / 2 ) * 220 + MAX(0, ( (H10="鎖匙扣") + (IF(AND(A11="",M11=""),H11="鎖匙扣",0)) + (IF(AND(A11="",M11="",A12="",M12=""),H12="鎖匙扣",0)) + (IF(AND(A11="",M11="",A12="",M12="",A13="",M13=""),H13="鎖匙扣",0)) + (IF(AND(A11="",M11="",A12="",M12="",A13="",M13="",A14="",M14=""),H14="鎖匙扣",0)) + (IF(AND(A11="",M11="",A12="",M12="",A13="",M13="",A14="",M14="",A15="",M15=""),H15="鎖匙扣",0)) + (IF(AND(A11="",M11="",A12="",M12="",A13="",M13="",A14="",M14="",A15="",M15="",A16="",M16=""),H16="鎖匙扣",0)) + (IF(AND(A11="",M11="",A12="",M12="",A13="",M13="",A14="",M14="",A15="",M15="",A16="",M16="",A17="",M17=""),H17="鎖匙扣",0)) ) - 1 ) * 20 ), 0 )} -> 985 | P10: =IF(ISNUMBER(M10), M10 - N10 - (O10 + IF(AND(A11="",M11=""),O11,0) + IF(AND(A11="",M11="",A12="",M12=""),O12,0) + IF(AND(A11="",M11="",A12="",M12="",A13="",M13=""),O13,0) + IF(AND(A11="",M11="",A12="",M12="",A13="",M13="",A14="",M14=""),O14,0) + IF(AND(A11="",M11="",A12="",M12="",A13="",M13="",A14="",M14="",A15="",M15=""),O15,0) + IF(AND(A11="",M11="",A12="",M12="",A13="",M13="",A14="",M14="",A15="",M15="",A16="",M16=""),O16,0) + IF(AND(A11="",M11="",A12="",M12="",A13="",M13="",A14="",M14="",A15="",M15="",A16="",M16="",A17="",M17=""),O17,0) + IF(AND(A11="",M11="",A12="",M12="",A13="",M13="",A14="",M14="",A15="",M15="",A16="",M16="",A17="",M17="",A18="",M18=""),O18,0) + IF(AND(A11="",M11="",A12="",M12="",A13="",M13="",A14="",M14="",A15="",M15="",A16="",M16="",A17="",M17="",A18="",M18="",A19="",M19=""),O19,0) ), -N10 - O10 ) -> 2995 | Q10: 2
D11: ALI | E11: CIA | F11: 嬰兒 | G11: 腳 | H11: 鎖匙扣 | I11: 不锈鋼 | J11: 2 | L11: 第32批 | N11: {=IF(鎖售表[[#This Row],[產品]]="鎖匙扣", _xlfn.XLOOKUP(鎖售表[[#This Row],[對象]]&鎖售表[[#This Row],[材料]]&鎖售表[[#This Row],[數量]], 成本表_鎖匙扣!$A$2:$A$100&成本表_鎖匙扣!$C$2:$C$100&成本表_鎖匙扣!$D$2:$D$100, 成本表_鎖匙扣!$E$2:$E$100, 0), _xlfn.XLOOKUP(鎖售表[[#This Row],[對象]]&鎖售表[[#This Row],[產品]]&鎖售表[[#This Row],[材料]]&鎖售表[[#This Row],[數量]], 成本表_吊飾!$A$2:$A$100&成本表_吊飾!$B$2:$B$100&成本表_吊飾!$C$2:$C$100&成本表_吊飾!$D$2:$D$100, 成本表_吊飾!$E$2:$E$100, 0) ) + IF(ISNUMBER(M11), ( IF(AND(A12="",M12=""),N12,0) + IF(AND(A12="",M12="",A13="",M13=""),N13,0) + IF(AND(A12="",M12="",A13="",M13="",A14="",M14=""),N14,0) + IF(AND(A12="",M12="",A13="",M13="",A14="",M14="",A15="",M15=""),N15,0) + IF(AND(A12="",M12="",A13="",M13="",A14="",M14="",A15="",M15="",A16="",M16=""),N16,0) + IF(AND(A12="",M12="",A13="",M13="",A14="",M14="",A15="",M15="",A16="",M16="",A17="",M17=""),N17,0) + IF(AND(A12="",M12="",A13="",M13="",A14="",M14="",A15="",M15="",A16="",M16="",A17="",M17="",A18="",M18=""),N18,0) + IF(AND(A12="",M12="",A13="",M13="",A14="",M14="",A15="",M15="",A16="",M16="",A17="",M17="",A18="",M18="",A19="",M19=""),N19,0) ) - ( INT( ( (H11="吊飾") + (IF(AND(A12="",M12=""),H12="吊飾",0)) + (IF(AND(A12="",M12="",A13="",M13=""),H13="吊飾",0)) + (IF(AND(A12="",M12="",A13="",M13="",A14="",M14=""),H14="吊飾",0)) + (IF(AND(A12="",M12="",A13="",M13="",A14="",M14="",A15="",M15=""),H15="吊飾",0)) + (IF(AND(A12="",M12="",A13="",M13="",A14="",M14="",A15="",M15="",A16="",M16=""),H16="吊飾",0)) + (IF(AND(A12="",M12="",A13="",M13="",A14="",M14="",A15="",M15="",A16="",M16="",A17="",M17=""),H17="吊飾",0)) + (IF(AND(A12="",M12="",A13="",M13="",A14="",M14="",A15="",M15="",A16="",M16="",A17="",M17="",A18="",M18=""),H18="吊飾",0)) ) / 2 ) * 220 + MAX(0, ( (H11="鎖匙扣") + (IF(AND(A12="",M12=""),H12="鎖匙扣",0)) + (IF(AND(A12="",M12="",A13="",M13=""),H13="鎖匙扣",0)) + (IF(AND(A12="",M12="",A13="",M13="",A14="",M14=""),H14="鎖匙扣",0)) + (IF(AND(A12="",M12="",A13="",M13="",A14="",M14="",A15="",M15=""),H15="鎖匙扣",0)) + (IF(AND(A12="",M12="",A13="",M13="",A14="",M14="",A15="",M15="",A16="",M16=""),H16="鎖匙扣",0)) + (IF(AND(A12="",M12="",A13="",M13="",A14="",M14="",A15="",M15="",A16="",M16="",A17="",M17=""),H17="鎖匙扣",0)) + (IF(AND(A12="",M12="",A13="",M13="",A14="",M14="",A15="",M15="",A16="",M16="",A17="",M17="",A18="",M18=""),H18="鎖匙扣",0)) ) - 1 ) * 20 ), 0 )} -> 290 | P11: =IF(ISNUMBER(M11), M11 - N11 - (O11 + IF(AND(A12="",M12=""),O12,0) + IF(AND(A12="",M12="",A13="",M13=""),O13,0) + IF(AND(A12="",M12="",A13="",M13="",A14="",M14=""),O14,0) + IF(AND(A12="",M12="",A13="",M13="",A14="",M14="",A15="",M15=""),O15,0) + IF(AND(A12="",M12="",A13="",M13="",A14="",M14="",A15="",M15="",A16="",M16=""),O16,0) + IF(AND(A12="",M12="",A13="",M13="",A14="",M14="",A15="",M15="",A16="",M16="",A17="",M17=""),O17,0) + IF(AND(A12="",M12="",A13="",M13="",A14="",M14="",A15="",M15="",A16="",M16="",A17="",M17="",A18="",M18=""),O18,0) + IF(AND(A12="",M12="",A13="",M13="",A14="",M14="",A15="",M15="",A16="",M16="",A17="",M17="",A18="",M18="",A19="",M19=""),O19,0) + IF(AND(A12="",M12="",A13="",M13="",A14="",M14="",A15="",M15="",A16="",M16="",A17="",M17="",A18="",M18="",A19="",M19="",A20="",M20=""),O20,0) ), -N11 - O11 ) -> -290 | Q11: 2
D12: A | E12: // | F12: 嬰兒 | G12: 腳 | H12: 吊飾 | I12: 925銀 | J12: 1 | L12: 第32批 | N12: {=IF(鎖售表[[#This Row],[產品]]="鎖匙扣", _xlfn.XLOOKUP(鎖售表[[#This Row],[對象]]&鎖售表[[#This Row],[材料]]&鎖售表[[#This Row],[數量]], 成本表_鎖匙扣!$A$2:$A$100&成本表_鎖匙扣!$C$2:$C$100&成本表_鎖匙扣!$D$2:$D$100, 成本表_鎖匙扣!$E$2:$E$100, 0), _xlfn.XLOOKUP(鎖售表[[#This Row],[對象]]&鎖售表[[#This Row],[產品]]&鎖售表[[#This Row],[材料]]&鎖售表[[#This Row],[數量]], 成本表_吊飾!$A$2:$A$100&成本表_吊飾!$B$2:$B$100&成本表_吊飾!$C$2:$C$100&成本表_吊飾!$D$2:$D$100, 成本表_吊飾!$E$2:$E$100, 0) ) + IF(ISNUMBER(M12), ( IF(AND(A13="",M13=""),N13,0) + IF(AND(A13="",M13="",A14="",M14=""),N14,0) + IF(AND(A13="",M13="",A14="",M14="",A15="",M15=""),N15,0) + IF(AND(A13="",M13="",A14="",M14="",A15="",M15="",A16="",M16=""),N16,0) + IF(AND(A13="",M13="",A14="",M14="",A15="",M15="",A16="",M16="",A17="",M17=""),N17,0) + IF(AND(A13="",M13="",A14="",M14="",A15="",M15="",A16="",M16="",A17="",M17="",A18="",M18=""),N18,0) + IF(AND(A13="",M13="",A14="",M14="",A15="",M15="",A16="",M16="",A17="",M17="",A18="",M18="",A19="",M19=""),N19,0) + IF(AND(A13="",M13="",A14="",M14="",A15="",M15="",A16="",M16="",A17="",M17="",A18="",M18="",A19="",M19="",A20="",M20=""),N20,0) ) - ( INT( ( (H12="吊飾") + (IF(AND(A13="",M13=""),H13="吊飾",0)) + (IF(AND(A13="",M13="",A14="",M14=""),H14="吊飾",0)) + (IF(AND(A13="",M13="",A14="",M14="",A15="",M15=""),H15="吊飾",0)) + (IF(AND(A13="",M13="",A14="",M14="",A15="",M15="",A16="",M16=""),H16="吊飾",0)) + (IF(AND(A13="",M13="",A14="",M14="",A15="",M15="",A16="",M16="",A17="",M17=""),H17="吊飾",0)) + (IF(AND(A13="",M13="",A14="",M14="",A15="",M15="",A16="",M16="",A17="",M17="",A18="",M18=""),H18="吊飾",0)) + (IF(AND(A13="",M13="",A14="",M14="",A15="",M15="",A16="",M16="",A17="",M17="",A18="",M18="",A19="",M19=""),H19="吊飾",0)) ) / 2 ) * 220 + MAX(0, ( (H12="鎖匙扣") + (IF(AND(A13="",M13=""),H13="鎖匙扣",0)) + (IF(AND(A13="",M13="",A14="",M14=""),H14="鎖匙扣",0)) + (IF(AND(A13="",M13="",A14="",M14="",A15="",M15=""),H15="鎖匙扣",0)) + (IF(AND(A13="",M13="",A14="",M14="",A15="",M15="",A16="",M16=""),H16="鎖匙扣",0)) + (IF(AND(A13="",M13="",A14="",M14="",A15="",M15="",A16="",M16="",A17="",M17=""),H17="鎖匙扣",0)) + (IF(AND(A13="",M13="",A14="",M14="",A15="",M15="",A16="",M16="",A17="",M17="",A18="",M18=""),H18="鎖匙扣",0)) + (IF(AND(A13="",M13="",A14="",M14="",A15="",M15="",A16="",M16="",A17="",M17="",A18="",M18="",A19="",M19=""),H19="鎖匙扣",0)) ) - 1 ) * 20 ), 0 )} -> 425 | P12: =IF(ISNUMBER(M12), M12 - N12 - (O12 + IF(AND(A13="",M13=""),O13,0) + IF(AND(A13="",M13="",A14="",M14=""),O14,0) + IF(AND(A13="",M13="",A14="",M14="",A15="",M15=""),O15,0) + IF(AND(A13="",M13="",A14="",M14="",A15="",M15="",A16="",M16=""),O16,0) + IF(AND(A13="",M13="",A14="",M14="",A15="",M15="",A16="",M16="",A17="",M17=""),O17,0) + IF(AND(A13="",M13="",A14="",M14="",A15="",M15="",A16="",M16="",A17="",M17="",A18="",M18=""),O18,0) + IF(AND(A13="",M13="",A14="",M14="",A15="",M15="",A16="",M16="",A17="",M17="",A18="",M18="",A19="",M19=""),O19,0) + IF(AND(A13="",M13="",A14="",M14="",A15="",M15="",A16="",M16="",A17="",M17="",A18="",M18="",A19="",M19="",A20="",M20=""),O20,0) + IF(AND(A13="",M13="",A14="",M14="",A15="",M15="",A16="",M16="",A17="",M17="",A18="",M18="",A19="",M19="",A20="",M20="",A21="",M21=""),O21,0) ), -N12 - O12 ) -> -425 | Q12: 2
A13: 5 | B13: 46049 | C13: Gaeac | D13: ? | E13: ? | F13: 嬰兒 | G13: 手 | H13: 鎖匙扣 | I13: 不锈鋼 | J13: 2 | L13: 第32批 | M13: 2400 | N13: {=IF(鎖售表[[#This Row],[產品]]="鎖匙扣", _xlfn.XLOOKUP(鎖售表[[#This Row],[對象]]&鎖售表[[#This Row],[材料]]&鎖售表[[#This Row],[數量]], 成本表_鎖匙扣!$A$2:$A$100&成本表_鎖匙扣!$C$2:$C$100&成本表_鎖匙扣!$D$2:$D$100, 成本表_鎖匙扣!$E$2:$E$100, 0), _xlfn.XLOOKUP(鎖售表[[#This Row],[對象]]&鎖售表[[#This Row],[產品]]&鎖售表[[#This Row],[材料]]&鎖售表[[#This Row],[數量]], 成本表_吊飾!$A$2:$A$100&成本表_吊飾!$B$2:$B$100&成本表_吊飾!$C$2:$C$100&成本表_吊飾!$D$2:$D$100, 成本表_吊飾!$E$2:$E$100, 0) ) + IF(ISNUMBER(M13), ( IF(AND(A14="",M14=""),N14,0) + IF(AND(A14="",M14="",A15="",M15=""),N15,0) + IF(AND(A14="",M14="",A15="",M15="",A16="",M16=""),N16,0) + IF(AND(A14="",M14="",A15="",M15="",A16="",M16="",A17="",M17=""),N17,0) + IF(AND(A14="",M14="",A15="",M15="",A16="",M16="",A17="",M17="",A18="",M18=""),N18,0) + IF(AND(A14="",M14="",A15="",M15="",A16="",M16="",A17="",M17="",A18="",M18="",A19="",M19=""),N19,0) + IF(AND(A14="",M14="",A15="",M15="",A16="",M16="",A17="",M17="",A18="",M18="",A19="",M19="",A20="",M20=""),N20,0) + IF(AND(A14="",M14="",A15="",M15="",A16="",M16="",A17="",M17="",A18="",M18="",A19="",M19="",A20="",M20="",A21="",M21=""),N21,0) ) - ( INT( ( (H13="吊飾") + (IF(AND(A14="",M14=""),H14="吊飾",0)) + (IF(AND(A14="",M14="",A15="",M15=""),H15="吊飾",0)) + (IF(AND(A14="",M14="",A15="",M15="",A16="",M16=""),H16="吊飾",0)) + (IF(AND(A14="",M14="",A15="",M15="",A16="",M16="",A17="",M17=""),H17="吊飾",0)) + (IF(AND(A14="",M14="",A15="",M15="",A16="",M16="",A17="",M17="",A18="",M18=""),H18="吊飾",0)) + (IF(AND(A14="",M14="",A15="",M15="",A16="",M16="",A17="",M17="",A18="",M18="",A19="",M19=""),H19="吊飾",0)) + (IF(AND(A14="",M14="",A15="",M15="",A16="",M16="",A17="",M17="",A18="",M18="",A19="",M19="",A20="",M20=""),H20="吊飾",0)) ) / 2 ) * 220 + MAX(0, ( (H13="鎖匙扣") + (IF(AND(A14="",M14=""),H14="鎖匙扣",0)) + (IF(AND(A14="",M14="",A15="",M15=""),H15="鎖匙扣",0)) + (IF(AND(A14="",M14="",A15="",M15="",A16="",M16=""),H16="鎖匙扣",0)) + (IF(AND(A14="",M14="",A15="",M15="",A16="",M16="",A17="",M17=""),H17="鎖匙扣",0)) + (IF(AND(A14="",M14="",A15="",M15="",A16="",M16="",A17="",M17="",A18="",M18=""),H18="鎖匙扣",0)) + (IF(AND(A14="",M14="",A15="",M15="",A16="",M16="",A17="",M17="",A18="",M18="",A19="",M19=""),H19="鎖匙扣",0)) + (IF(AND(A14="",M14="",A15="",M15="",A16="",M16="",A17="",M17="",A18="",M18="",A19="",M19="",A20="",M20=""),H20="鎖匙扣",0)) ) - 1 ) * 20 ), 0 )} -> 560 | P13: =IF(ISNUMBER(M13), M13 - N13 - (O13 + IF(AND(A14="",M14=""),O14,0) + IF(AND(A14="",M14="",A15="",M15=""),O15,0) + IF(AND(A14="",M14="",A15="",M15="",A16="",M16=""),O16,0) + IF(AND(A14="",M14="",A15="",M15="",A16="",M16="",A17="",M17=""),O17,0) + IF(AND(A14="",M14="",A15="",M15="",A16="",M16="",A17="",M17="",A18="",M18=""),O18,0) + IF(AND(A14="",M14="",A15="",M15="",A16="",M16="",A17="",M17="",A18="",M18="",A19="",M19=""),O19,0) + IF(AND(A14="",M14="",A15="",M15="",A16="",M16="",A17="",M17="",A18="",M18="",A19="",M19="",A20="",M20=""),O20,0) + IF(AND(A14="",M14="",A15="",M15="",A16="",M16="",A17="",M17="",A18="",M18="",A19="",M19="",A20="",M20="",A21="",M21=""),O21,0) + IF(AND(A14="",M14="",A15="",M15="",A16="",M16="",A17="",M17="",A18="",M18="",A19="",M19="",A20="",M20="",A21="",M21="",A22="",M22=""),O22,0) ), -N13 - O13 ) -> 1840 | Q13: 0
D14: ? | E14: ? | F14: 嬰兒 | G14: 腳 | H14: 鎖匙扣 | I14: 不锈鋼 | J14: 2 | L14: 第32批 | N14: {=IF(鎖售表[[#This Row],[產品]]="鎖匙扣", _xlfn.XLOOKUP(鎖售表[[#This Row],[對象]]&鎖售表[[#This Row],[材料]]&鎖售表[[#This Row],[數量]], 成本表_鎖匙扣!$A$2:$A$100&成本表_鎖匙扣!$C$2:$C$100&成本表_鎖匙扣!$D$2:$D$100, 成本表_鎖匙扣!$E$2:$E$100, 0), _xlfn.XLOOKUP(鎖售表[[#This Row],[對象]]&鎖售表[[#This Row],[產品]]&鎖售表[[#This Row],[材料]]&鎖售表[[#This Row],[數量]], 成本表_吊飾!$A$2:$A$100&成本表_吊飾!$B$2:$B$100&成本表_吊飾!$C$2:$C$100&成本表_吊飾!$D$2:$D$100, 成本表_吊飾!$E$2:$E$100, 0) ) + IF(ISNUMBER(M14), ( IF(AND(A15="",M15=""),N15,0) + IF(AND(A15="",M15="",A16="",M16=""),N16,0) + IF(AND(A15="",M15="",A16="",M16="",A17="",M17=""),N17,0) + IF(AND(A15="",M15="",A16="",M16="",A17="",M17="",A18="",M18=""),N18,0) + IF(AND(A15="",M15="",A16="",M16="",A17="",M17="",A18="",M18="",A19="",M19=""),N19,0) + IF(AND(A15="",M15="",A16="",M16="",A17="",M17="",A18="",M18="",A19="",M19="",A20="",M20=""),N20,0) + IF(AND(A15="",M15="",A16="",M16="",A17="",M17="",A18="",M18="",A19="",M19="",A20="",M20="",A21="",M21=""),N21,0) + IF(AND(A15="",M15="",A16="",M16="",A17="",M17="",A18="",M18="",A19="",M19="",A20="",M20="",A21="",M21="",A22="",M22=""),N22,0) ) - ( INT( ( (H14="吊飾") + (IF(AND(A15="",M15=""),H15="吊飾",0)) + (IF(AND(A15="",M15="",A16="",M16=""),H16="吊飾",0)) + (IF(AND(A15="",M15="",A16="",M16="",A17="",M17=""),H17="吊飾",0)) + (IF(AND(A15="",M15="",A16="",M16="",A17="",M17="",A18="",M18=""),H18="吊飾",0)) + (IF(AND(A15="",M15="",A16="",M16="",A17="",M17="",A18="",M18="",A19="",M19=""),H19="吊飾",0)) + (IF(AND(A15="",M15="",A16="",M16="",A17="",M17="",A18="",M18="",A19="",M19="",A20="",M20=""),H20="吊飾",0)) + (IF(AND(A15="",M15="",A16="",M16="",A17="",M17="",A18="",M18="",A19="",M19="",A20="",M20="",A21="",M21=""),H21="吊飾",0)) ) / 2 ) * 220 + MAX(0, ( (H14="鎖匙扣") + (IF(AND(A15="",M15=""),H15="鎖匙扣",0)) + (IF(AND(A15="",M15="",A16="",M16=""),H16="鎖匙扣",0)) + (IF(AND(A15="",M15="",A16="",M16="",A17="",M17=""),H17="鎖匙扣",0)) + (IF(AND(A15="",M15="",A16="",M16="",A17="",M17="",A18="",M18=""),H18="鎖匙扣",0)) + (IF(AND(A15="",M15="",A16="",M16="",A17="",M17="",A18="",M18="",A19="",M19=""),H19="鎖匙扣",0)) + (IF(AND(A15="",M15="",A16="",M16="",A17="",M17="",A18="",M18="",A19="",M19="",A20="",M20=""),H20="鎖匙扣",0)) + (IF(AND(A15="",M15="",A16="",M16="",A17="",M17="",A18="",M18="",A19="",M19="",A20="",M20="",A21="",M21=""),H21="鎖匙扣",0)) ) - 1 ) * 20 ), 0 )} -> 290 | P14: =IF(ISNUMBER(M14), M14 - N14 - (O14 + IF(AND(A15="",M15=""),O15,0) + IF(AND(A15="",M15="",A16="",M16=""),O16,0) + IF(AND(A15="",M15="",A16="",M16="",A17="",M17=""),O17,0) + IF(AND(A15="",M15="",A16="",M16="",A17="",M17="",A18="",M18=""),O18,0) + IF(AND(A15="",M15="",A16="",M16="",A17="",M17="",A18="",M18="",A19="",M19=""),O19,0) + IF(AND(A15="",M15="",A16="",M16="",A17="",M17="",A18="",M18="",A19="",M19="",A20="",M20=""),O20,0) + IF(AND(A15="",M15="",A16="",M16="",A17="",M17="",A18="",M18="",A19="",M19="",A20="",M20="",A21="",M21=""),O21,0) + IF(AND(A15="",M15="",A16="",M16="",A17="",M17="",A18="",M18="",A19="",M19="",A20="",M20="",A21="",M21="",A22="",M22=""),O22,0) + IF(AND(A15="",M15="",A16="",M16="",A17="",M17="",A18="",M18="",A19="",M19="",A20="",M20="",A21="",M21="",A22="",M22="",A23="",M23=""),O23,0) ), -N14 - O14 ) -> -290 | Q14: 0
A15: 6 | B15: 46047 | C15: SalinaLai | D15: Lucia | E15: 1117 | F15: 嬰兒(P) | G15: 手 | H15: 鎖匙扣 | I15: 不锈鋼 | J15: 1 | K15: 左手 | L15: 第32批 | M15: 4940 | N15: {=IF(鎖售表[[#This Row],[產品]]="鎖匙扣", _xlfn.XLOOKUP(鎖售表[[#This Row],[對象]]&鎖售表[[#This Row],[材料]]&鎖售表[[#This Row],[數量]], 成本表_鎖匙扣!$A$2:$A$100&成本表_鎖匙扣!$C$2:$C$100&成本表_鎖匙扣!$D$2:$D$100, 成本表_鎖匙扣!$E$2:$E$100, 0), _xlfn.XLOOKUP(鎖售表[[#This Row],[對象]]&鎖售表[[#This Row],[產品]]&鎖售表[[#This Row],[材料]]&鎖售表[[#This Row],[數量]], 成本表_吊飾!$A$2:$A$100&成本表_吊飾!$B$2:$B$100&成本表_吊飾!$C$2:$C$100&成本表_吊飾!$D$2:$D$100, 成本表_吊飾!$E$2:$E$100, 0) ) + IF(ISNUMBER(M15), ( IF(AND(A16="",M16=""),N16,0) + IF(AND(A16="",M16="",A17="",M17=""),N17,0) + IF(AND(A16="",M16="",A17="",M17="",A18="",M18=""),N18,0) + IF(AND(A16="",M16="",A17="",M17="",A18="",M18="",A19="",M19=""),N19,0) + IF(AND(A16="",M16="",A17="",M17="",A18="",M18="",A19="",M19="",A20="",M20=""),N20,0) + IF(AND(A16="",M16="",A17="",M17="",A18="",M18="",A19="",M19="",A20="",M20="",A21="",M21=""),N21,0) + IF(AND(A16="",M16="",A17="",M17="",A18="",M18="",A19="",M19="",A20="",M20="",A21="",M21="",A22="",M22=""),N22,0) + IF(AND(A16="",M16="",A17="",M17="",A18="",M18="",A19="",M19="",A20="",M20="",A21="",M21="",A22="",M22="",A23="",M23=""),N23,0) ) - ( INT( ( (H15="吊飾") + (IF(AND(A16="",M16=""),H16="吊飾",0)) + (IF(AND(A16="",M16="",A17="",M17=""),H17="吊飾",0)) + (IF(AND(A16="",M16="",A17="",M17="",A18="",M18=""),H18="吊飾",0)) + (IF(AND(A16="",M16="",A17="",M17="",A18="",M18="",A19="",M19=""),H19="吊飾",0)) + (IF(AND(A16="",M16="",A17="",M17="",A18="",M18="",A19="",M19="",A20="",M20=""),H20="吊飾",0)) + (IF(AND(A16="",M16="",A17="",M17="",A18="",M18="",A19="",M19="",A20="",M20="",A21="",M21=""),H21="吊飾",0)) + (IF(AND(A16="",M16="",A17="",M17="",A18="",M18="",A19="",M19="",A20="",M20="",A21="",M21="",A22="",M22=""),H22="吊飾",0)) ) / 2 ) * 220 + MAX(0, ( (H15="鎖匙扣") + (IF(AND(A16="",M16=""),H16="鎖匙扣",0)) + (IF(AND(A16="",M16="",A17="",M17=""),H17="鎖匙扣",0)) + (IF(AND(A16="",M16="",A17="",M17="",A18="",M18=""),H18="鎖匙扣",0)) + (IF(AND(A16="",M16="",A17="",M17="",A18="",M18="",A19="",M19=""),H19="鎖匙扣",0)) + (IF(AND(A16="",M16="",A17="",M17="",A18="",M18="",A19="",M19="",A20="",M20=""),H20="鎖匙扣",0)) + (IF(AND(A16="",M16="",A17="",M17="",A18="",M18="",A19="",M19="",A20="",M20="",A21="",M21=""),H21="鎖匙扣",0)) + (IF(AND(A16="",M16="",A17="",M17="",A18="",M18="",A19="",M19="",A20="",M20="",A21="",M21="",A22="",M22=""),H22="鎖匙扣",0)) ) - 1 ) * 20 ), 0 )} -> 1228 | P15: =IF(ISNUMBER(M15), M15 - N15 - (O15 + IF(AND(A16="",M16=""),O16,0) + IF(AND(A16="",M16="",A17="",M17=""),O17,0) + IF(AND(A16="",M16="",A17="",M17="",A18="",M18=""),O18,0) + IF(AND(A16="",M16="",A17="",M17="",A18="",M18="",A19="",M19=""),O19,0) + IF(AND(A16="",M16="",A17="",M17="",A18="",M18="",A19="",M19="",A20="",M20=""),O20,0) + IF(AND(A16="",M16="",A17="",M17="",A18="",M18="",A19="",M19="",A20="",M20="",A21="",M21=""),O21,0) + IF(AND(A16="",M16="",A17="",M17="",A18="",M18="",A19="",M19="",A20="",M20="",A21="",M21="",A22="",M22=""),O22,0) + IF(AND(A16="",M16="",A17="",M17="",A18="",M18="",A19="",M19="",A20="",M20="",A21="",M21="",A22="",M22="",A23="",M23=""),O23,0) + IF(AND(A16="",M16="",A17="",M17="",A18="",M18="",A19="",M19="",A20="",M20="",A21="",M21="",A22="",M22="",A23="",M23="",A24="",M24=""),O24,0) ), -N15 - O15 ) -> 3712 | Q15: 1
D16: Lucia | E16: 1117 | F16: 嬰兒(P) | G16: 腳 | H16: 鎖匙扣 | I16: 不锈鋼 | J16: 1 | K16: 左腳 | L16: 第32批 | N16: {=IF(鎖售表[[#This Row],[產品]]="鎖匙扣", _xlfn.XLOOKUP(鎖售表[[#This Row],[對象]]&鎖售表[[#This Row],[材料]]&鎖售表[[#This Row],[數量]], 成本表_鎖匙扣!$A$2:$A$100&成本表_鎖匙扣!$C$2:$C$100&成本表_鎖匙扣!$D$2:$D$100, 成本表_鎖匙扣!$E$2:$E$100, 0), _xlfn.XLOOKUP(鎖售表[[#This Row],[對象]]&鎖售表[[#This Row],[產品]]&鎖售表[[#This Row],[材料]]&鎖售表[[#This Row],[數量]], 成本表_吊飾!$A$2:$A$100&成本表_吊飾!$B$2:$B$100&成本表_吊飾!$C$2:$C$100&成本表_吊飾!$D$2:$D$100, 成本表_吊飾!$E$2:$E$100, 0) ) + IF(ISNUMBER(M16), ( IF(AND(A17="",M17=""),N17,0) + IF(AND(A17="",M17="",A18="",M18=""),N18,0) + IF(AND(A17="",M17="",A18="",M18="",A19="",M19=""),N19,0) + IF(AND(A17="",M17="",A18="",M18="",A19="",M19="",A20="",M20=""),N20,0) + IF(AND(A17="",M17="",A18="",M18="",A19="",M19="",A20="",M20="",A21="",M21=""),N21,0) + IF(AND(A17="",M17="",A18="",M18="",A19="",M19="",A20="",M20="",A21="",M21="",A22="",M22=""),N22,0) + IF(AND(A17="",M17="",A18="",M18="",A19="",M19="",A20="",M20="",A21="",M21="",A22="",M22="",A23="",M23=""),N23,0) + IF(AND(A17="",M17="",A18="",M18="",A19="",M19="",A20="",M20="",A21="",M21="",A22="",M22="",A23="",M23="",A24="",M24=""),N24,0) ) - ( INT( ( (H16="吊飾") + (IF(AND(A17="",M17=""),H17="吊飾",0)) + (IF(AND(A17="",M17="",A18="",M18=""),H18="吊飾",0)) + (IF(AND(A17="",M17="",A18="",M18="",A19="",M19=""),H19="吊飾",0)) + (IF(AND(A17="",M17="",A18="",M18="",A19="",M19="",A20="",M20=""),H20="吊飾",0)) + (IF(AND(A17="",M17="",A18="",M18="",A19="",M19="",A20="",M20="",A21="",M21=""),H21="吊飾",0)) + (IF(AND(A17="",M17="",A18="",M18="",A19="",M19="",A20="",M20="",A21="",M21="",A22="",M22=""),H22="吊飾",0)) + (IF(AND(A17="",M17="",A18="",M18="",A19="",M19="",A20="",M20="",A21="",M21="",A22="",M22="",A23="",M23=""),H23="吊飾",0)) ) / 2 ) * 220 + MAX(0, ( (H16="鎖匙扣") + (IF(AND(A17="",M17=""),H17="鎖匙扣",0)) + (IF(AND(A17="",M17="",A18="",M18=""),H18="鎖匙扣",0)) + (IF(AND(A17="",M17="",A18="",M18="",A19="",M19=""),H19="鎖匙扣",0)) + (IF(AND(A17="",M17="",A18="",M18="",A19="",M19="",A20="",M20=""),H20="鎖匙扣",0)) + (IF(AND(A17="",M17="",A18="",M18="",A19="",M19="",A20="",M20="",A21="",M21=""),H21="鎖匙扣",0)) + (IF(AND(A17="",M17="",A18="",M18="",A19="",M19="",A20="",M20="",A21="",M21="",A22="",M22=""),H22="鎖匙扣",0)) + (IF(AND(A17="",M17="",A18="",M18="",A19="",M19="",A20="",M20="",A21="",M21="",A22="",M22="",A23="",M23=""),H23="鎖匙扣",0)) ) - 1 ) * 20 ), 0 )} -> 247 | P16: =IF(ISNUMBER(M16), M16 - N16 - (O16 + IF(AND(A17="",M17=""),O17,0) + IF(AND(A17="",M17="",A18="",M18=""),O18,0) + IF(AND(A17="",M17="",A18="",M18="",A19="",M19=""),O19,0) + IF(AND(A17="",M17="",A18="",M18="",A19="",M19="",A20="",M20=""),O20,0) + IF(AND(A17="",M17="",A18="",M18="",A19="",M19="",A20="",M20="",A21="",M21=""),O21,0) + IF(AND(A17="",M17="",A18="",M18="",A19="",M19="",A20="",M20="",A21="",M21="",A22="",M22=""),O22,0) + IF(AND(A17="",M17="",A18="",M18="",A19="",M19="",A20="",M20="",A21="",M21="",A22="",M22="",A23="",M23=""),O23,0) + IF(AND(A17="",M17="",A18="",M18="",A19="",M19="",A20="",M20="",A21="",M21="",A22="",M22="",A23="",M23="",A24="",M24=""),O24,0) + IF(AND(A17="",M17="",A18="",M18="",A19="",M19="",A20="",M20="",A21="",M21="",A22="",M22="",A23="",M23="",A24="",M24="",A25="",M25=""),O25,0) ), -N16 - O16 ) -> -247 | Q16: 1
D17: // | E17: // | F17: 嬰兒(P) | G17: 手 | H17: 吊飾 | I17: 925銀 | J17: 1 | K17: 左手 | L17: 第32批 | N17: {=IF(鎖售表[[#This Row],[產品]]="鎖匙扣", _xlfn.XLOOKUP(鎖售表[[#This Row],[對象]]&鎖售表[[#This Row],[材料]]&鎖售表[[#This Row],[數量]], 成本表_鎖匙扣!$A$2:$A$100&成本表_鎖匙扣!$C$2:$C$100&成本表_鎖匙扣!$D$2:$D$100, 成本表_鎖匙扣!$E$2:$E$100, 0), _xlfn.XLOOKUP(鎖售表[[#This Row],[對象]]&鎖售表[[#This Row],[產品]]&鎖售表[[#This Row],[材料]]&鎖售表[[#This Row],[數量]], 成本表_吊飾!$A$2:$A$100&成本表_吊飾!$B$2:$B$100&成本表_吊飾!$C$2:$C$100&成本表_吊飾!$D$2:$D$100, 成本表_吊飾!$E$2:$E$100, 0) ) + IF(ISNUMBER(M17), ( IF(AND(A18="",M18=""),N18,0) + IF(AND(A18="",M18="",A19="",M19=""),N19,0) + IF(AND(A18="",M18="",A19="",M19="",A20="",M20=""),N20,0) + IF(AND(A18="",M18="",A19="",M19="",A20="",M20="",A21="",M21=""),N21,0) + IF(AND(A18="",M18="",A19="",M19="",A20="",M20="",A21="",M21="",A22="",M22=""),N22,0) + IF(AND(A18="",M18="",A19="",M19="",A20="",M20="",A21="",M21="",A22="",M22="",A23="",M23=""),N23,0) + IF(AND(A18="",M18="",A19="",M19="",A20="",M20="",A21="",M21="",A22="",M22="",A23="",M23="",A24="",M24=""),N24,0) + IF(AND(A18="",M18="",A19="",M19="",A20="",M20="",A21="",M21="",A22="",M22="",A23="",M23="",A24="",M24="",A25="",M25=""),N25,0) ) - ( INT( ( (H17="吊飾") + (IF(AND(A18="",M18=""),H18="吊飾",0)) + (IF(AND(A18="",M18="",A19="",M19=""),H19="吊飾",0)) + (IF(AND(A18="",M18="",A19="",M19="",A20="",M20=""),H20="吊飾",0)) + (IF(AND(A18="",M18="",A19="",M19="",A20="",M20="",A21="",M21=""),H21="吊飾",0)) + (IF(AND(A18="",M18="",A19="",M19="",A20="",M20="",A21="",M21="",A22="",M22=""),H22="吊飾",0)) + (IF(AND(A18="",M18="",A19="",M19="",A20="",M20="",A21="",M21="",A22="",M22="",A23="",M23=""),H23="吊飾",0)) + (IF(AND(A18="",M18="",A19="",M19="",A20="",M20="",A21="",M21="",A22="",M22="",A23="",M23="",A24="",M24=""),H24="吊飾",0)) ) / 2 ) * 220 + MAX(0, ( (H17="鎖匙扣") + (IF(AND(A18="",M18=""),H18="鎖匙扣",0)) + (IF(AND(A18="",M18="",A19="",M19=""),H19="鎖匙扣",0)) + (IF(AND(A18="",M18="",A19="",M19="",A20="",M20=""),H20="鎖匙扣",0)) + (IF(AND(A18="",M18="",A19="",M19="",A20="",M20="",A21="",M21=""),H21="鎖匙扣",0)) + (IF(AND(A18="",M18="",A19="",M19="",A20="",M20="",A21="",M21="",A22="",M22=""),H22="鎖匙扣",0)) + (IF(AND(A18="",M18="",A19="",M19="",A20="",M20="",A21="",M21="",A22="",M22="",A23="",M23=""),H23="鎖匙扣",0)) + (IF(AND(A18="",M18="",A19="",M19="",A20="",M20="",A21="",M21="",A22="",M22="",A23="",M23="",A24="",M24=""),H24="鎖匙扣",0)) ) - 1 ) * 20 ), 0 )} -> 487 | P17: =IF(ISNUMBER(M17), M17 - N17 - (O17 + IF(AND(A18="",M18=""),O18,0) + IF(AND(A18="",M18="",A19="",M19=""),O19,0) + IF(AND(A18="",M18="",A19="",M19="",A20="",M20=""),O20,0) + IF(AND(A18="",M18="",A19="",M19="",A20="",M20="",A21="",M21=""),O21,0) + IF(AND(A18="",M18="",A19="",M19="",A20="",M20="",A21="",M21="",A22="",M22=""),O22,0) + IF(AND(A18="",M18="",A19="",M19="",A20="",M20="",A21="",M21="",A22="",M22="",A23="",M23=""),O23,0) + IF(AND(A18="",M18="",A19="",M19="",A20="",M20="",A21="",M21="",A22="",M22="",A23="",M23="",A24="",M24=""),O24,0) + IF(AND(A18="",M18="",A19="",M19="",A20="",M20="",A21="",M21="",A22="",M22="",A23="",M23="",A24="",M24="",A25="",M25=""),O25,0) + IF(AND(A18="",M18="",A19="",M19="",A20="",M20="",A21="",M21="",A22="",M22="",A23="",M23="",A24="",M24="",A25="",M25="",A26="",M26=""),O26,0) ), -N17 - O17 ) -> -487 | Q17: 1
D18: ? | E18: // | F18: 嬰兒(P) | G18: 腳 | H18: 吊飾 | I18: 925銀 | J18: 1 | K18: 左腳 | L18: 第32批 | N18: {=IF(鎖售表[[#This Row],[產品]]="鎖匙扣", _xlfn.XLOOKUP(鎖售表[[#This Row],[對象]]&鎖售表[[#This Row],[材料]]&鎖售表[[#This Row],[數量]], 成本表_鎖匙扣!$A$2:$A$100&成本表_鎖匙扣!$C$2:$C$100&成本表_鎖匙扣!$D$2:$D$100, 成本表_鎖匙扣!$E$2:$E$100, 0), _xlfn.XLOOKUP(鎖售表[[#This Row],[對象]]&鎖售表[[#This Row],[產品]]&鎖售表[[#This Row],[材料]]&鎖售表[[#This Row],[數量]], 成本表_吊飾!$A$2:$A$100&成本表_吊飾!$B$2:$B$100&成本表_吊飾!$C$2:$C$100&成本表_吊飾!$D$2:$D$100, 成本表_吊飾!$E$2:$E$100, 0) ) + IF(ISNUMBER(M18), ( IF(AND(A19="",M19=""),N19,0) + IF(AND(A19="",M19="",A20="",M20=""),N20,0) + IF(AND(A19="",M19="",A20="",M20="",A21="",M21=""),N21,0) + IF(AND(A19="",M19="",A20="",M20="",A21="",M21="",A22="",M22=""),N22,0) + IF(AND(A19="",M19="",A20="",M20="",A21="",M21="",A22="",M22="",A23="",M23=""),N23,0) + IF(AND(A19="",M19="",A20="",M20="",A21="",M21="",A22="",M22="",A23="",M23="",A24="",M24=""),N24,0) + IF(AND(A19="",M19="",A20="",M20="",A21="",M21="",A22="",M22="",A23="",M23="",A24="",M24="",A25="",M25=""),N25,0) + IF(AND(A19="",M19="",A20="",M20="",A21="",M21="",A22="",M22="",A23="",M23="",A24="",M24="",A25="",M25="",A26="",M26=""),N26,0) ) - ( INT( ( (H18="吊飾") + (IF(AND(A19="",M19=""),H19="吊飾",0)) + (IF(AND(A19="",M19="",A20="",M20=""),H20="吊飾",0)) + (IF(AND(A19="",M19="",A20="",M20="",A21="",M21=""),H21="吊飾",0)) + (IF(AND(A19="",M19="",A20="",M20="",A21="",M21="",A22="",M22=""),H22="吊飾",0)) + (IF(AND(A19="",M19="",A20="",M20="",A21="",M21="",A22="",M22="",A23="",M23=""),H23="吊飾",0)) + (IF(AND(A19="",M19="",A20="",M20="",A21="",M21="",A22="",M22="",A23="",M23="",A24="",M24=""),H24="吊飾",0)) + (IF(AND(A19="",M19="",A20="",M20="",A21="",M21="",A22="",M22="",A23="",M23="",A24="",M24="",A25="",M25=""),H25="吊飾",0)) ) / 2 ) * 220 + MAX(0, ( (H18="鎖匙扣") + (IF(AND(A19="",M19=""),H19="鎖匙扣",0)) + (IF(AND(A19="",M19="",A20="",M20=""),H20="鎖匙扣",0)) + (IF(AND(A19="",M19="",A20="",M20="",A21="",M21=""),H21="鎖匙扣",0)) + (IF(AND(A19="",M19="",A20="",M20="",A21="",M21="",A22="",M22=""),H22="鎖匙扣",0)) + (IF(AND(A19="",M19="",A20="",M20="",A21="",M21="",A22="",M22="",A23="",M23=""),H23="鎖匙扣",0)) + (IF(AND(A19="",M19="",A20="",M20="",A21="",M21="",A22="",M22="",A23="",M23="",A24="",M24=""),H24="鎖匙扣",0)) + (IF(AND(A19="",M19="",A20="",M20="",A21="",M21="",A22="",M22="",A23="",M23="",A24="",M24="",A25="",M25=""),H25="鎖匙扣",0)) ) - 1 ) * 20 ), 0 )} -> 487 | P18: =IF(ISNUMBER(M18), M18 - N18 - (O18 + IF(AND(A19="",M19=""),O19,0) + IF(AND(A19="",M19="",A20="",M20=""),O20,0) + IF(AND(A19="",M19="",A20="",M20="",A21="",M21=""),O21,0) + IF(AND(A19="",M19="",A20="",M20="",A21="",M21="",A22="",M22=""),O22,0) + IF(AND(A19="",M19="",A20="",M20="",A21="",M21="",A22="",M22="",A23="",M23=""),O23,0) + IF(AND(A19="",M19="",A20="",M20="",A21="",M21="",A22="",M22="",A23="",M23="",A24="",M24=""),O24,0) + IF(AND(A19="",M19="",A20="",M20="",A21="",M21="",A22="",M22="",A23="",M23="",A24="",M24="",A25="",M25=""),O25,0) + IF(AND(A19="",M19="",A20="",M20="",A21="",M21="",A22="",M22="",A23="",M23="",A24="",M24="",A25="",M25="",A26="",M26=""),O26,0) + IF(AND(A19="",M19="",A20="",M20="",A21="",M21="",A22="",M22="",A23="",M23="",A24="",M24="",A25="",M25="",A26="",M26="",A27="",M27=""),O27,0) ), -N18 - O18 ) -> -487 | Q18: 1
A19: 7 | B19: 46051 | C19: 森蝶 | D19: ? | E19: ? | F19: 嬰兒 | G19: 手 | H19: 鎖匙扣 | I19: 不锈鋼 | J19: 5 | K19: 左腳 | L19: 第32批 | M19: 2500 | N19: {=IF(鎖售表[[#This Row],[產品]]="鎖匙扣", _xlfn.XLOOKUP(鎖售表[[#This Row],[對象]]&鎖售表[[#This Row],[材料]]&鎖售表[[#This Row],[數量]], 成本表_鎖匙扣!$A$2:$A$100&成本表_鎖匙扣!$C$2:$C$100&成本表_鎖匙扣!$D$2:$D$100, 成本表_鎖匙扣!$E$2:$E$100, 0), _xlfn.XLOOKUP(鎖售表[[#This Row],[對象]]&鎖售表[[#This Row],[產品]]&鎖售表[[#This Row],[材料]]&鎖售表[[#This Row],[數量]], 成本表_吊飾!$A$2:$A$100&成本表_吊飾!$B$2:$B$100&成本表_吊飾!$C$2:$C$100&成本表_吊飾!$D$2:$D$100, 成本表_吊飾!$E$2:$E$100, 0) ) + IF(ISNUMBER(M19), ( IF(AND(A20="",M20=""),N20,0) + IF(AND(A20="",M20="",A21="",M21=""),N21,0) + IF(AND(A20="",M20="",A21="",M21="",A22="",M22=""),N22,0) + IF(AND(A20="",M20="",A21="",M21="",A22="",M22="",A23="",M23=""),N23,0) + IF(AND(A20="",M20="",A21="",M21="",A22="",M22="",A23="",M23="",A24="",M24=""),N24,0) + IF(AND(A20="",M20="",A21="",M21="",A22="",M22="",A23="",M23="",A24="",M24="",A25="",M25=""),N25,0) + IF(AND(A20="",M20="",A21="",M21="",A22="",M22="",A23="",M23="",A24="",M24="",A25="",M25="",A26="",M26=""),N26,0) + IF(AND(A20="",M20="",A21="",M21="",A22="",M22="",A23="",M23="",A24="",M24="",A25="",M25="",A26="",M26="",A27="",M27=""),N27,0) ) - ( INT( ( (H19="吊飾") + (IF(AND(A20="",M20=""),H20="吊飾",0)) + (IF(AND(A20="",M20="",A21="",M21=""),H21="吊飾",0)) + (IF(AND(A20="",M20="",A21="",M21="",A22="",M22=""),H22="吊飾",0)) + (IF(AND(A20="",M20="",A21="",M21="",A22="",M22="",A23="",M23=""),H23="吊飾",0)) + (IF(AND(A20="",M20="",A21="",M21="",A22="",M22="",A23="",M23="",A24="",M24=""),H24="吊飾",0)) + (IF(AND(A20="",M20="",A21="",M21="",A22="",M22="",A23="",M23="",A24="",M24="",A25="",M25=""),H25="吊飾",0)) + (IF(AND(A20="",M20="",A21="",M21="",A22="",M22="",A23="",M23="",A24="",M24="",A25="",M25="",A26="",M26=""),H26="吊飾",0)) ) / 2 ) * 220 + MAX(0, ( (H19="鎖匙扣") + (IF(AND(A20="",M20=""),H20="鎖匙扣",0)) + (IF(AND(A20="",M20="",A21="",M21=""),H21="鎖匙扣",0)) + (IF(AND(A20="",M20="",A21="",M21="",A22="",M22=""),H22="鎖匙扣",0)) + (IF(AND(A20="",M20="",A21="",M21="",A22="",M22="",A23="",M23=""),H23="鎖匙扣",0)) + (IF(AND(A20="",M20="",A21="",M21="",A22="",M22="",A23="",M23="",A24="",M24=""),H24="鎖匙扣",0)) + (IF(AND(A20="",M20="",A21="",M21="",A22="",M22="",A23="",M23="",A24="",M24="",A25="",M25=""),H25="鎖匙扣",0)) + (IF(AND(A20="",M20="",A21="",M21="",A22="",M22="",A23="",M23="",A24="",M24="",A25="",M25="",A26="",M26=""),H26="鎖匙扣",0)) ) - 1 ) * 20 ), 0 )} -> 605 | P19: =IF(ISNUMBER(M19), M19 - N19 - (O19 + IF(AND(A20="",M20=""),O20,0) + IF(AND(A20="",M20="",A21="",M21=""),O21,0) + IF(AND(A20="",M20="",A21="",M21="",A22="",M22=""),O22,0) + IF(AND(A20="",M20="",A21="",M21="",A22="",M22="",A23="",M23=""),O23,0) + IF(AND(A20="",M20="",A21="",M21="",A22="",M22="",A23="",M23="",A24="",M24=""),O24,0) + IF(AND(A20="",M20="",A21="",M21="",A22="",M22="",A23="",M23="",A24="",M24="",A25="",M25=""),O25,0) + IF(AND(A20="",M20="",A21="",M21="",A22="",M22="",A23="",M23="",A24="",M24="",A25="",M25="",A26="",M26=""),O26,0) + IF(AND(A20="",M20="",A21="",M21="",A22="",M22="",A23="",M23="",A24="",M24="",A25="",M25="",A26="",M26="",A27="",M27=""),O27,0) + IF(AND(A20="",M20="",A21="",M21="",A22="",M22="",A23="",M23="",A24="",M24="",A25="",M25="",A26="",M26="",A27="",M27="",A28="",M28=""),O28,0) ), -N19 - O19 ) -> 1895 | Q19: 0
A20: 8 | B20: 46054 | C20: Micaela | D20: ? | E20: ? | F20: 嬰兒 | G20: 腳 | H20: 鎖匙扣 | I20: 不锈鋼 | J20: 4 | L20: 第32批 | M20: 2000 | N20: {=IF(鎖售表[[#This Row],[產品]]="鎖匙扣", _xlfn.XLOOKUP(鎖售表[[#This Row],[對象]]&鎖售表[[#This Row],[材料]]&鎖售表[[#This Row],[數量]], 成本表_鎖匙扣!$A$2:$A$100&成本表_鎖匙扣!$C$2:$C$100&成本表_鎖匙扣!$D$2:$D$100, 成本表_鎖匙扣!$E$2:$E$100, 0), _xlfn.XLOOKUP(鎖售表[[#This Row],[對象]]&鎖售表[[#This Row],[產品]]&鎖售表[[#This Row],[材料]]&鎖售表[[#This Row],[數量]], 成本表_吊飾!$A$2:$A$100&成本表_吊飾!$B$2:$B$100&成本表_吊飾!$C$2:$C$100&成本表_吊飾!$D$2:$D$100, 成本表_吊飾!$E$2:$E$100, 0) ) + IF(ISNUMBER(M20), ( IF(AND(A21="",M21=""),N21,0) + IF(AND(A21="",M21="",A22="",M22=""),N22,0) + IF(AND(A21="",M21="",A22="",M22="",A23="",M23=""),N23,0) + IF(AND(A21="",M21="",A22="",M22="",A23="",M23="",A24="",M24=""),N24,0) + IF(AND(A21="",M21="",A22="",M22="",A23="",M23="",A24="",M24="",A25="",M25=""),N25,0) + IF(AND(A21="",M21="",A22="",M22="",A23="",M23="",A24="",M24="",A25="",M25="",A26="",M26=""),N26,0) + IF(AND(A21="",M21="",A22="",M22="",A23="",M23="",A24="",M24="",A25="",M25="",A26="",M26="",A27="",M27=""),N27,0) + IF(AND(A21="",M21="",A22="",M22="",A23="",M23="",A24="",M24="",A25="",M25="",A26="",M26="",A27="",M27="",A28="",M28=""),N28,0) ) - ( INT( ( (H20="吊飾") + (IF(AND(A21="",M21=""),H21="吊飾",0)) + (IF(AND(A21="",M21="",A22="",M22=""),H22="吊飾",0)) + (IF(AND(A21="",M21="",A22="",M22="",A23="",M23=""),H23="吊飾",0)) + (IF(AND(A21="",M21="",A22="",M22="",A23="",M23="",A24="",M24=""),H24="吊飾",0)) + (IF(AND(A21="",M21="",A22="",M22="",A23="",M23="",A24="",M24="",A25="",M25=""),H25="吊飾",0)) + (IF(AND(A21="",M21="",A22="",M22="",A23="",M23="",A24="",M24="",A25="",M25="",A26="",M26=""),H26="吊飾",0)) + (IF(AND(A21="",M21="",A22="",M22="",A23="",M23="",A24="",M24="",A25="",M25="",A26="",M26="",A27="",M27=""),H27="吊飾",0)) ) / 2 ) * 220 + MAX(0, ( (H20="鎖匙扣") + (IF(AND(A21="",M21=""),H21="鎖匙扣",0)) + (IF(AND(A21="",M21="",A22="",M22=""),H22="鎖匙扣",0)) + (IF(AND(A21="",M21="",A22="",M22="",A23="",M23=""),H23="鎖匙扣",0)) + (IF(AND(A21="",M21="",A22="",M22="",A23="",M23="",A24="",M24=""),H24="鎖匙扣",0)) + (IF(AND(A21="",M21="",A22="",M22="",A23="",M23="",A24="",M24="",A25="",M25=""),H25="鎖匙扣",0)) + (IF(AND(A21="",M21="",A22="",M22="",A23="",M23="",A24="",M24="",A25="",M25="",A26="",M26=""),H26="鎖匙扣",0)) + (IF(AND(A21="",M21="",A22="",M22="",A23="",M23="",A24="",M24="",A25="",M25="",A26="",M26="",A27="",M27=""),H27="鎖匙扣",0)) ) - 1 ) * 20 ), 0 )} -> 500 | P20: =IF(ISNUMBER(M20), M20 - N20 - (O20 + IF(AND(A21="",M21=""),O21,0) + IF(AND(A21="",M21="",A22="",M22=""),O22,0) + IF(AND(A21="",M21="",A22="",M22="",A23="",M23=""),O23,0) + IF(AND(A21="",M21="",A22="",M22="",A23="",M23="",A24="",M24=""),O24,0) + IF(AND(A21="",M21="",A22="",M22="",A23="",M23="",A24="",M24="",A25="",M25=""),O25,0) + IF(AND(A21="",M21="",A22="",M22="",A23="",M23="",A24="",M24="",A25="",M25="",A26="",M26=""),O26,0) + IF(AND(A21="",M21="",A22="",M22="",A23="",M23="",A24="",M24="",A25="",M25="",A26="",M26="",A27="",M27=""),O27,0) + IF(AND(A21="",M21="",A22="",M22="",A23="",M23="",A24="",M24="",A25="",M25="",A26="",M26="",A27="",M27="",A28="",M28=""),O28,0) + IF(AND(A21="",M21="",A22="",M22="",A23="",M23="",A24="",M24="",A25="",M25="",A26="",M26="",A27="",M27="",A28="",M28="",A29="",M29=""),O29,0) ), -N20 - O20 ) -> 1500 | Q20: 0
A21: 9 | B21: 46058 | C21: Kate so | D21: RAI | E21: NA | F21: 嬰兒 | G21: 手 | H21: 鎖匙扣 | I21: 不锈鋼 | J21: 6 | L21: 第32批 | M21: 3000 | N21: {=IF(鎖售表[[#This Row],[產品]]="鎖匙扣", _xlfn.XLOOKUP(鎖售表[[#This Row],[對象]]&鎖售表[[#This Row],[材料]]&鎖售表[[#This Row],[數量]], 成本表_鎖匙扣!$A$2:$A$100&成本表_鎖匙扣!$C$2:$C$100&成本表_鎖匙扣!$D$2:$D$100, 成本表_鎖匙扣!$E$2:$E$100, 0), _xlfn.XLOOKUP(鎖售表[[#This Row],[對象]]&鎖售表[[#This Row],[產品]]&鎖售表[[#This Row],[材料]]&鎖售表[[#This Row],[數量]], 成本表_吊飾!$A$2:$A$100&成本表_吊飾!$B$2:$B$100&成本表_吊飾!$C$2:$C$100&成本表_吊飾!$D$2:$D$100, 成本表_吊飾!$E$2:$E$100, 0) ) + IF(ISNUMBER(M21), ( IF(AND(A22="",M22=""),N22,0) + IF(AND(A22="",M22="",A23="",M23=""),N23,0) + IF(AND(A22="",M22="",A23="",M23="",A24="",M24=""),N24,0) + IF(AND(A22="",M22="",A23="",M23="",A24="",M24="",A25="",M25=""),N25,0) + IF(AND(A22="",M22="",A23="",M23="",A24="",M24="",A25="",M25="",A26="",M26=""),N26,0) + IF(AND(A22="",M22="",A23="",M23="",A24="",M24="",A25="",M25="",A26="",M26="",A27="",M27=""),N27,0) + IF(AND(A22="",M22="",A23="",M23="",A24="",M24="",A25="",M25="",A26="",M26="",A27="",M27="",A28="",M28=""),N28,0) + IF(AND(A22="",M22="",A23="",M23="",A24="",M24="",A25="",M25="",A26="",M26="",A27="",M27="",A28="",M28="",A29="",M29=""),N29,0) ) - ( INT( ( (H21="吊飾") + (IF(AND(A22="",M22=""),H22="吊飾",0)) + (IF(AND(A22="",M22="",A23="",M23=""),H23="吊飾",0)) + (IF(AND(A22="",M22="",A23="",M23="",A24="",M24=""),H24="吊飾",0)) + (IF(AND(A22="",M22="",A23="",M23="",A24="",M24="",A25="",M25=""),H25="吊飾",0)) + (IF(AND(A22="",M22="",A23="",M23="",A24="",M24="",A25="",M25="",A26="",M26=""),H26="吊飾",0)) + (IF(AND(A22="",M22="",A23="",M23="",A24="",M24="",A25="",M25="",A26="",M26="",A27="",M27=""),H27="吊飾",0)) + (IF(AND(A22="",M22="",A23="",M23="",A24="",M24="",A25="",M25="",A26="",M26="",A27="",M27="",A28="",M28=""),H28="吊飾",0)) ) / 2 ) * 220 + MAX(0, ( (H21="鎖匙扣") + (IF(AND(A22="",M22=""),H22="鎖匙扣",0)) + (IF(AND(A22="",M22="",A23="",M23=""),H23="鎖匙扣",0)) + (IF(AND(A22="",M22="",A23="",M23="",A24="",M24=""),H24="鎖匙扣",0)) + (IF(AND(A22="",M22="",A23="",M23="",A24="",M24="",A25="",M25=""),H25="鎖匙扣",0)) + (IF(AND(A22="",M22="",A23="",M23="",A24="",M24="",A25="",M25="",A26="",M26=""),H26="鎖匙扣",0)) + (IF(AND(A22="",M22="",A23="",M23="",A24="",M24="",A25="",M25="",A26="",M26="",A27="",M27=""),H27="鎖匙扣",0)) + (IF(AND(A22="",M22="",A23="",M23="",A24="",M24="",A25="",M25="",A26="",M26="",A27="",M27="",A28="",M28=""),H28="鎖匙扣",0)) ) - 1 ) * 20 ), 0 )} -> 710 | P21: =IF(ISNUMBER(M21), M21 - N21 - (O21 + IF(AND(A22="",M22=""),O22,0) + IF(AND(A22="",M22="",A23="",M23=""),O23,0) + IF(AND(A22="",M22="",A23="",M23="",A24="",M24=""),O24,0) + IF(AND(A22="",M22="",A23="",M23="",A24="",M24="",A25="",M25=""),O25,0) + IF(AND(A22="",M22="",A23="",M23="",A24="",M24="",A25="",M25="",A26="",M26=""),O26,0) + IF(AND(A22="",M22="",A23="",M23="",A24="",M24="",A25="",M25="",A26="",M26="",A27="",M27=""),O27,0) + IF(AND(A22="",M22="",A23="",M23="",A24="",M24="",A25="",M25="",A26="",M26="",A27="",M27="",A28="",M28=""),O28,0) + IF(AND(A22="",M22="",A23="",M23="",A24="",M24="",A25="",M25="",A26="",M26="",A27="",M27="",A28="",M28="",A29="",M29=""),O29,0) + IF(AND(A22="",M22="",A23="",M23="",A24="",M24="",A25="",M25="",A26="",M26="",A27="",M27="",A28="",M28="",A29="",M29="",A30="",M30=""),O30,0) ), -N21 - O21 ) -> 2290 | Q21: 0
A22: 10 | B22: 46059 | C22: Bu | D22: BU | E22: 10.01 | F22: 嬰兒 | G22: 手 | H22: 鎖匙扣 | I22: 不锈鋼 | J22: 1 | K22: (舊客) | L22: 第32批 | M22: 500 | N22: {=IF(鎖售表[[#This Row],[產品]]="鎖匙扣", _xlfn.XLOOKUP(鎖售表[[#This Row],[對象]]&鎖售表[[#This Row],[材料]]&鎖售表[[#This Row],[數量]], 成本表_鎖匙扣!$A$2:$A$100&成本表_鎖匙扣!$C$2:$C$100&成本表_鎖匙扣!$D$2:$D$100, 成本表_鎖匙扣!$E$2:$E$100, 0), _xlfn.XLOOKUP(鎖售表[[#This Row],[對象]]&鎖售表[[#This Row],[產品]]&鎖售表[[#This Row],[材料]]&鎖售表[[#This Row],[數量]], 成本表_吊飾!$A$2:$A$100&成本表_吊飾!$B$2:$B$100&成本表_吊飾!$C$2:$C$100&成本表_吊飾!$D$2:$D$100, 成本表_吊飾!$E$2:$E$100, 0) ) + IF(ISNUMBER(M22), ( IF(AND(A23="",M23=""),N23,0) + IF(AND(A23="",M23="",A24="",M24=""),N24,0) + IF(AND(A23="",M23="",A24="",M24="",A25="",M25=""),N25,0) + IF(AND(A23="",M23="",A24="",M24="",A25="",M25="",A26="",M26=""),N26,0) + IF(AND(A23="",M23="",A24="",M24="",A25="",M25="",A26="",M26="",A27="",M27=""),N27,0) + IF(AND(A23="",M23="",A24="",M24="",A25="",M25="",A26="",M26="",A27="",M27="",A28="",M28=""),N28,0) + IF(AND(A23="",M23="",A24="",M24="",A25="",M25="",A26="",M26="",A27="",M27="",A28="",M28="",A29="",M29=""),N29,0) + IF(AND(A23="",M23="",A24="",M24="",A25="",M25="",A26="",M26="",A27="",M27="",A28="",M28="",A29="",M29="",A30="",M30=""),N30,0) ) - ( INT( ( (H22="吊飾") + (IF(AND(A23="",M23=""),H23="吊飾",0)) + (IF(AND(A23="",M23="",A24="",M24=""),H24="吊飾",0)) + (IF(AND(A23="",M23="",A24="",M24="",A25="",M25=""),H25="吊飾",0)) + (IF(AND(A23="",M23="",A24="",M24="",A25="",M25="",A26="",M26=""),H26="吊飾",0)) + (IF(AND(A23="",M23="",A24="",M24="",A25="",M25="",A26="",M26="",A27="",M27=""),H27="吊飾",0)) + (IF(AND(A23="",M23="",A24="",M24="",A25="",M25="",A26="",M26="",A27="",M27="",A28="",M28=""),H28="吊飾",0)) + (IF(AND(A23="",M23="",A24="",M24="",A25="",M25="",A26="",M26="",A27="",M27="",A28="",M28="",A29="",M29=""),H29="吊飾",0)) ) / 2 ) * 220 + MAX(0, ( (H22="鎖匙扣") + (IF(AND(A23="",M23=""),H23="鎖匙扣",0)) + (IF(AND(A23="",M23="",A24="",M24=""),H24="鎖匙扣",0)) + (IF(AND(A23="",M23="",A24="",M24="",A25="",M25=""),H25="鎖匙扣",0)) + (IF(AND(A23="",M23="",A24="",M24="",A25="",M25="",A26="",M26=""),H26="鎖匙扣",0)) + (IF(AND(A23="",M23="",A24="",M24="",A25="",M25="",A26="",M26="",A27="",M27=""),H27="鎖匙扣",0)) + (IF(AND(A23="",M23="",A24="",M24="",A25="",M25="",A26="",M26="",A27="",M27="",A28="",M28=""),H28="鎖匙扣",0)) + (IF(AND(A23="",M23="",A24="",M24="",A25="",M25="",A26="",M26="",A27="",M27="",A28="",M28="",A29="",M29=""),H29="鎖匙扣",0)) ) - 1 ) * 20 ), 0 )} -> 185 | P22: =IF(ISNUMBER(M22), M22 - N22 - (O22 + IF(AND(A23="",M23=""),O23,0) + IF(AND(A23="",M23="",A24="",M24=""),O24,0) + IF(AND(A23="",M23="",A24="",M24="",A25="",M25=""),O25,0) + IF(AND(A23="",M23="",A24="",M24="",A25="",M25="",A26="",M26=""),O26,0) + IF(AND(A23="",M23="",A24="",M24="",A25="",M25="",A26="",M26="",A27="",M27=""),O27,0) + IF(AND(A23="",M23="",A24="",M24="",A25="",M25="",A26="",M26="",A27="",M27="",A28="",M28=""),O28,0) + IF(AND(A23="",M23="",A24="",M24="",A25="",M25="",A26="",M26="",A27="",M27="",A28="",M28="",A29="",M29=""),O29,0) + IF(AND(A23="",M23="",A24="",M24="",A25="",M25="",A26="",M26="",A27="",M27="",A28="",M28="",A29="",M29="",A30="",M30=""),O30,0) + IF(AND(A23="",M23="",A24="",M24="",A25="",M25="",A26="",M26="",A27="",M27="",A28="",M28="",A29="",M29="",A30="",M30="",A31="",M31=""),O31,0) ), -N22 - O22 ) -> 315 | Q22: 0.5
A23: 11 | B23: 46067 | C23: ivy | D23: Damon S. | E23: 2023.11.20 | F23: 嬰兒(P) | G23: 腳 | H23: 鎖匙扣 | I23: 不锈鋼 | J23: 1 | K23: 左腳 | L23: 第32批 | M23: 2160 | N23: {=IF(鎖售表[[#This Row],[產品]]="鎖匙扣", _xlfn.XLOOKUP(鎖售表[[#This Row],[對象]]&鎖售表[[#This Row],[材料]]&鎖售表[[#This Row],[數量]], 成本表_鎖匙扣!$A$2:$A$100&成本表_鎖匙扣!$C$2:$C$100&成本表_鎖匙扣!$D$2:$D$100, 成本表_鎖匙扣!$E$2:$E$100, 0), _xlfn.XLOOKUP(鎖售表[[#This Row],[對象]]&鎖售表[[#This Row],[產品]]&鎖售表[[#This Row],[材料]]&鎖售表[[#This Row],[數量]], 成本表_吊飾!$A$2:$A$100&成本表_吊飾!$B$2:$B$100&成本表_吊飾!$C$2:$C$100&成本表_吊飾!$D$2:$D$100, 成本表_吊飾!$E$2:$E$100, 0) ) + IF(ISNUMBER(M23), ( IF(AND(A24="",M24=""),N24,0) + IF(AND(A24="",M24="",A25="",M25=""),N25,0) + IF(AND(A24="",M24="",A25="",M25="",A26="",M26=""),N26,0) + IF(AND(A24="",M24="",A25="",M25="",A26="",M26="",A27="",M27=""),N27,0) + IF(AND(A24="",M24="",A25="",M25="",A26="",M26="",A27="",M27="",A28="",M28=""),N28,0) + IF(AND(A24="",M24="",A25="",M25="",A26="",M26="",A27="",M27="",A28="",M28="",A29="",M29=""),N29,0) + IF(AND(A24="",M24="",A25="",M25="",A26="",M26="",A27="",M27="",A28="",M28="",A29="",M29="",A30="",M30=""),N30,0) + IF(AND(A24="",M24="",A25="",M25="",A26="",M26="",A27="",M27="",A28="",M28="",A29="",M29="",A30="",M30="",A31="",M31=""),N31,0) ) - ( INT( ( (H23="吊飾") + (IF(AND(A24="",M24=""),H24="吊飾",0)) + (IF(AND(A24="",M24="",A25="",M25=""),H25="吊飾",0)) + (IF(AND(A24="",M24="",A25="",M25="",A26="",M26=""),H26="吊飾",0)) + (IF(AND(A24="",M24="",A25="",M25="",A26="",M26="",A27="",M27=""),H27="吊飾",0)) + (IF(AND(A24="",M24="",A25="",M25="",A26="",M26="",A27="",M27="",A28="",M28=""),H28="吊飾",0)) + (IF(AND(A24="",M24="",A25="",M25="",A26="",M26="",A27="",M27="",A28="",M28="",A29="",M29=""),H29="吊飾",0)) + (IF(AND(A24="",M24="",A25="",M25="",A26="",M26="",A27="",M27="",A28="",M28="",A29="",M29="",A30="",M30=""),H30="吊飾",0)) ) / 2 ) * 220 + MAX(0, ( (H23="鎖匙扣") + (IF(AND(A24="",M24=""),H24="鎖匙扣",0)) + (IF(AND(A24="",M24="",A25="",M25=""),H25="鎖匙扣",0)) + (IF(AND(A24="",M24="",A25="",M25="",A26="",M26=""),H26="鎖匙扣",0)) + (IF(AND(A24="",M24="",A25="",M25="",A26="",M26="",A27="",M27=""),H27="鎖匙扣",0)) + (IF(AND(A24="",M24="",A25="",M25="",A26="",M26="",A27="",M27="",A28="",M28=""),H28="鎖匙扣",0)) + (IF(AND(A24="",M24="",A25="",M25="",A26="",M26="",A27="",M27="",A28="",M28="",A29="",M29=""),H29="鎖匙扣",0)) + (IF(AND(A24="",M24="",A25="",M25="",A26="",M26="",A27="",M27="",A28="",M28="",A29="",M29="",A30="",M30=""),H30="鎖匙扣",0)) ) - 1 ) * 20 ), 0 )} -> 474 | P23: =IF(ISNUMBER(M23), M23 - N23 - (O23 + IF(AND(A24="",M24=""),O24,0) + IF(AND(A24="",M24="",A25="",M25=""),O25,0) + IF(AND(A24="",M24="",A25="",M25="",A26="",M26=""),O26,0) + IF(AND(A24="",M24="",A25="",M25="",A26="",M26="",A27="",M27=""),O27,0) + IF(AND(A24="",M24="",A25="",M25="",A26="",M26="",A27="",M27="",A28="",M28=""),O28,0) + IF(AND(A24="",M24="",A25="",M25="",A26="",M26="",A27="",M27="",A28="",M28="",A29="",M29=""),O29,0) + IF(AND(A24="",M24="",A25="",M25="",A26="",M26="",A27="",M27="",A28="",M28="",A29="",M29="",A30="",M30=""),O30,0) + IF(AND(A24="",M24="",A25="",M25="",A26="",M26="",A27="",M27="",A28="",M28="",A29="",M29="",A30="",M30="",A31="",M31=""),O31,0) + IF(AND(A24="",M24="",A25="",M25="",A26="",M26="",A27="",M27="",A28="",M28="",A29="",M29="",A30="",M30="",A31="",M31="",A32="",M32=""),O32,0) ), -N23 - O23 ) -> 1686 | Q23: 1
F24: 嬰兒(P) | G24: 腳 | H24: 鎖匙扣 | I24: 不锈鋼 | J24: 1 | K24: 右腳 | L24: 第32批 | N24: {=IF(鎖售表[[#This Row],[產品]]="鎖匙扣", _xlfn.XLOOKUP(鎖售表[[#This Row],[對象]]&鎖售表[[#This Row],[材料]]&鎖售表[[#This Row],[數量]], 成本表_鎖匙扣!$A$2:$A$100&成本表_鎖匙扣!$C$2:$C$100&成本表_鎖匙扣!$D$2:$D$100, 成本表_鎖匙扣!$E$2:$E$100, 0), _xlfn.XLOOKUP(鎖售表[[#This Row],[對象]]&鎖售表[[#This Row],[產品]]&鎖售表[[#This Row],[材料]]&鎖售表[[#This Row],[數量]], 成本表_吊飾!$A$2:$A$100&成本表_吊飾!$B$2:$B$100&成本表_吊飾!$C$2:$C$100&成本表_吊飾!$D$2:$D$100, 成本表_吊飾!$E$2:$E$100, 0) ) + IF(ISNUMBER(M24), ( IF(AND(A25="",M25=""),N25,0) + IF(AND(A25="",M25="",A26="",M26=""),N26,0) + IF(AND(A25="",M25="",A26="",M26="",A27="",M27=""),N27,0) + IF(AND(A25="",M25="",A26="",M26="",A27="",M27="",A28="",M28=""),N28,0) + IF(AND(A25="",M25="",A26="",M26="",A27="",M27="",A28="",M28="",A29="",M29=""),N29,0) + IF(AND(A25="",M25="",A26="",M26="",A27="",M27="",A28="",M28="",A29="",M29="",A30="",M30=""),N30,0) + IF(AND(A25="",M25="",A26="",M26="",A27="",M27="",A28="",M28="",A29="",M29="",A30="",M30="",A31="",M31=""),N31,0) + IF(AND(A25="",M25="",A26="",M26="",A27="",M27="",A28="",M28="",A29="",M29="",A30="",M30="",A31="",M31="",A32="",M32=""),N32,0) ) - ( INT( ( (H24="吊飾") + (IF(AND(A25="",M25=""),H25="吊飾",0)) + (IF(AND(A25="",M25="",A26="",M26=""),H26="吊飾",0)) + (IF(AND(A25="",M25="",A26="",M26="",A27="",M27=""),H27="吊飾",0)) + (IF(AND(A25="",M25="",A26="",M26="",A27="",M27="",A28="",M28=""),H28="吊飾",0)) + (IF(AND(A25="",M25="",A26="",M26="",A27="",M27="",A28="",M28="",A29="",M29=""),H29="吊飾",0)) + (IF(AND(A25="",M25="",A26="",M26="",A27="",M27="",A28="",M28="",A29="",M29="",A30="",M30=""),H30="吊飾",0)) + (IF(AND(A25="",M25="",A26="",M26="",A27="",M27="",A28="",M28="",A29="",M29="",A30="",M30="",A31="",M31=""),H31="吊飾",0)) ) / 2 ) * 220 + MAX(0, ( (H24="鎖匙扣") + (IF(AND(A25="",M25=""),H25="鎖匙扣",0)) + (IF(AND(A25="",M25="",A26="",M26=""),H26="鎖匙扣",0)) + (IF(AND(A25="",M25="",A26="",M26="",A27="",M27=""),H27="鎖匙扣",0)) + (IF(AND(A25="",M25="",A26="",M26="",A27="",M27="",A28="",M28=""),H28="鎖匙扣",0)) + (IF(AND(A25="",M25="",A26="",M26="",A27="",M27="",A28="",M28="",A29="",M29=""),H29="鎖匙扣",0)) + (IF(AND(A25="",M25="",A26="",M26="",A27="",M27="",A28="",M28="",A29="",M29="",A30="",M30=""),H30="鎖匙扣",0)) + (IF(AND(A25="",M25="",A26="",M26="",A27="",M27="",A28="",M28="",A29="",M29="",A30="",M30="",A31="",M31=""),H31="鎖匙扣",0)) ) - 1 ) * 20 ), 0 )} -> 247 | P24: =IF(ISNUMBER(M24), M24 - N24 - (O24 + IF(AND(A25="",M25=""),O25,0) + IF(AND(A25="",M25="",A26="",M26=""),O26,0) + IF(AND(A25="",M25="",A26="",M26="",A27="",M27=""),O27,0) + IF(AND(A25="",M25="",A26="",M26="",A27="",M27="",A28="",M28=""),O28,0) + IF(AND(A25="",M25="",A26="",M26="",A27="",M27="",A28="",M28="",A29="",M29=""),O29,0) + IF(AND(A25="",M25="",A26="",M26="",A27="",M27="",A28="",M28="",A29="",M29="",A30="",M30=""),O30,0) + IF(AND(A25="",M25="",A26="",M26="",A27="",M27="",A28="",M28="",A29="",M29="",A30="",M30="",A31="",M31=""),O31,0) + IF(AND(A25="",M25="",A26="",M26="",A27="",M27="",A28="",M28="",A29="",M29="",A30="",M30="",A31="",M31="",A32="",M32=""),O32,0) + IF(AND(A25="",M25="",A26="",M26="",A27="",M27="",A28="",M28="",A29="",M29="",A30="",M30="",A31="",M31="",A32="",M32="",A33="",M33=""),O33,0) ), -N24 - O24 ) -> -247 | Q24: 1
A25: 12 | B25: 46079 | C25: KaLei | D25: CHIN | E25: U | F25: 嬰兒(P) | G25: 手 | H25: 鎖匙扣 | I25: 不锈鋼 | J25: 1 | K25: 右手 | L25: 第32批 | N25: {=IF(鎖售表[[#This Row],[產品]]="鎖匙扣", _xlfn.XLOOKUP(鎖售表[[#This Row],[對象]]&鎖售表[[#This Row],[材料]]&鎖售表[[#This Row],[數量]], 成本表_鎖匙扣!$A$2:$A$100&成本表_鎖匙扣!$C$2:$C$100&成本表_鎖匙扣!$D$2:$D$100, 成本表_鎖匙扣!$E$2:$E$100, 0), _xlfn.XLOOKUP(鎖售表[[#This Row],[對象]]&鎖售表[[#This Row],[產品]]&鎖售表[[#This Row],[材料]]&鎖售表[[#This Row],[數量]], 成本表_吊飾!$A$2:$A$100&成本表_吊飾!$B$2:$B$100&成本表_吊飾!$C$2:$C$100&成本表_吊飾!$D$2:$D$100, 成本表_吊飾!$E$2:$E$100, 0) ) + IF(ISNUMBER(M25), ( IF(AND(A26="",M26=""),N26,0) + IF(AND(A26="",M26="",A27="",M27=""),N27,0) + IF(AND(A26="",M26="",A27="",M27="",A28="",M28=""),N28,0) + IF(AND(A26="",M26="",A27="",M27="",A28="",M28="",A29="",M29=""),N29,0) + IF(AND(A26="",M26="",A27="",M27="",A28="",M28="",A29="",M29="",A30="",M30=""),N30,0) + IF(AND(A26="",M26="",A27="",M27="",A28="",M28="",A29="",M29="",A30="",M30="",A31="",M31=""),N31,0) + IF(AND(A26="",M26="",A27="",M27="",A28="",M28="",A29="",M29="",A30="",M30="",A31="",M31="",A32="",M32=""),N32,0) + IF(AND(A26="",M26="",A27="",M27="",A28="",M28="",A29="",M29="",A30="",M30="",A31="",M31="",A32="",M32="",A33="",M33=""),N33,0) ) - ( INT( ( (H25="吊飾") + (IF(AND(A26="",M26=""),H26="吊飾",0)) + (IF(AND(A26="",M26="",A27="",M27=""),H27="吊飾",0)) + (IF(AND(A26="",M26="",A27="",M27="",A28="",M28=""),H28="吊飾",0)) + (IF(AND(A26="",M26="",A27="",M27="",A28="",M28="",A29="",M29=""),H29="吊飾",0)) + (IF(AND(A26="",M26="",A27="",M27="",A28="",M28="",A29="",M29="",A30="",M30=""),H30="吊飾",0)) + (IF(AND(A26="",M26="",A27="",M27="",A28="",M28="",A29="",M29="",A30="",M30="",A31="",M31=""),H31="吊飾",0)) + (IF(AND(A26="",M26="",A27="",M27="",A28="",M28="",A29="",M29="",A30="",M30="",A31="",M31="",A32="",M32=""),H32="吊飾",0)) ) / 2 ) * 220 + MAX(0, ( (H25="鎖匙扣") + (IF(AND(A26="",M26=""),H26="鎖匙扣",0)) + (IF(AND(A26="",M26="",A27="",M27=""),H27="鎖匙扣",0)) + (IF(AND(A26="",M26="",A27="",M27="",A28="",M28=""),H28="鎖匙扣",0)) + (IF(AND(A26="",M26="",A27="",M27="",A28="",M28="",A29="",M29=""),H29="鎖匙扣",0)) + (IF(AND(A26="",M26="",A27="",M27="",A28="",M28="",A29="",M29="",A30="",M30=""),H30="鎖匙扣",0)) + (IF(AND(A26="",M26="",A27="",M27="",A28="",M28="",A29="",M29="",A30="",M30="",A31="",M31=""),H31="鎖匙扣",0)) + (IF(AND(A26="",M26="",A27="",M27="",A28="",M28="",A29="",M29="",A30="",M30="",A31="",M31="",A32="",M32=""),H32="鎖匙扣",0)) ) - 1 ) * 20 ), 0 )} -> 247 | P25: =IF(ISNUMBER(M25), M25 - N25 - (O25 + IF(AND(A26="",M26=""),O26,0) + IF(AND(A26="",M26="",A27="",M27=""),O27,0) + IF(AND(A26="",M26="",A27="",M27="",A28="",M28=""),O28,0) + IF(AND(A26="",M26="",A27="",M27="",A28="",M28="",A29="",M29=""),O29,0) + IF(AND(A26="",M26="",A27="",M27="",A28="",M28="",A29="",M29="",A30="",M30=""),O30,0) + IF(AND(A26="",M26="",A27="",M27="",A28="",M28="",A29="",M29="",A30="",M30="",A31="",M31=""),O31,0) + IF(AND(A26="",M26="",A27="",M27="",A28="",M28="",A29="",M29="",A30="",M30="",A31="",M31="",A32="",M32=""),O32,0) + IF(AND(A26="",M26="",A27="",M27="",A28="",M28="",A29="",M29="",A30="",M30="",A31="",M31="",A32="",M32="",A33="",M33=""),O33,0) + IF(AND(A26="",M26="",A27="",M27="",A28="",M28="",A29="",M29="",A30="",M30="",A31="",M31="",A32="",M32="",A33="",M33="",A34="",M34=""),O34,0) ), -N25 - O25 ) -> -247 | Q25: 0
D26: MeMe | E26: 01.03 | F26: 嬰兒(P) | G26: 腳 | H26: 鎖匙扣 | I26: 不锈鋼 | J26: 1 | K26: 左腳 | L26: 第32批 | N26: {=IF(鎖售表[[#This Row],[產品]]="鎖匙扣", _xlfn.XLOOKUP(鎖售表[[#This Row],[對象]]&鎖售表[[#This Row],[材料]]&鎖售表[[#This Row],[數量]], 成本表_鎖匙扣!$A$2:$A$100&成本表_鎖匙扣!$C$2:$C$100&成本表_鎖匙扣!$D$2:$D$100, 成本表_鎖匙扣!$E$2:$E$100, 0), _xlfn.XLOOKUP(鎖售表[[#This Row],[對象]]&鎖售表[[#This Row],[產品]]&鎖售表[[#This Row],[材料]]&鎖售表[[#This Row],[數量]], 成本表_吊飾!$A$2:$A$100&成本表_吊飾!$B$2:$B$100&成本表_吊飾!$C$2:$C$100&成本表_吊飾!$D$2:$D$100, 成本表_吊飾!$E$2:$E$100, 0) ) + IF(ISNUMBER(M26), ( IF(AND(A27="",M27=""),N27,0) + IF(AND(A27="",M27="",A28="",M28=""),N28,0) + IF(AND(A27="",M27="",A28="",M28="",A29="",M29=""),N29,0) + IF(AND(A27="",M27="",A28="",M28="",A29="",M29="",A30="",M30=""),N30,0) + IF(AND(A27="",M27="",A28="",M28="",A29="",M29="",A30="",M30="",A31="",M31=""),N31,0) + IF(AND(A27="",M27="",A28="",M28="",A29="",M29="",A30="",M30="",A31="",M31="",A32="",M32=""),N32,0) + IF(AND(A27="",M27="",A28="",M28="",A29="",M29="",A30="",M30="",A31="",M31="",A32="",M32="",A33="",M33=""),N33,0) + IF(AND(A27="",M27="",A28="",M28="",A29="",M29="",A30="",M30="",A31="",M31="",A32="",M32="",A33="",M33="",A34="",M34=""),N34,0) ) - ( INT( ( (H26="吊飾") + (IF(AND(A27="",M27=""),H27="吊飾",0)) + (IF(AND(A27="",M27="",A28="",M28=""),H28="吊飾",0)) + (IF(AND(A27="",M27="",A28="",M28="",A29="",M29=""),H29="吊飾",0)) + (IF(AND(A27="",M27="",A28="",M28="",A29="",M29="",A30="",M30=""),H30="吊飾",0)) + (IF(AND(A27="",M27="",A28="",M28="",A29="",M29="",A30="",M30="",A31="",M31=""),H31="吊飾",0)) + (IF(AND(A27="",M27="",A28="",M28="",A29="",M29="",A30="",M30="",A31="",M31="",A32="",M32=""),H32="吊飾",0)) + (IF(AND(A27="",M27="",A28="",M28="",A29="",M29="",A30="",M30="",A31="",M31="",A32="",M32="",A33="",M33=""),H33="吊飾",0)) ) / 2 ) * 220 + MAX(0, ( (H26="鎖匙扣") + (IF(AND(A27="",M27=""),H27="鎖匙扣",0)) + (IF(AND(A27="",M27="",A28="",M28=""),H28="鎖匙扣",0)) + (IF(AND(A27="",M27="",A28="",M28="",A29="",M29=""),H29="鎖匙扣",0)) + (IF(AND(A27="",M27="",A28="",M28="",A29="",M29="",A30="",M30=""),H30="鎖匙扣",0)) + (IF(AND(A27="",M27="",A28="",M28="",A29="",M29="",A30="",M30="",A31="",M31=""),H31="鎖匙扣",0)) + (IF(AND(A27="",M27="",A28="",M28="",A29="",M29="",A30="",M30="",A31="",M31="",A32="",M32=""),H32="鎖匙扣",0)) + (IF(AND(A27="",M27="",A28="",M28="",A29="",M29="",A30="",M30="",A31="",M31="",A32="",M32="",A33="",M33=""),H33="鎖匙扣",0)) ) - 1 ) * 20 ), 0 )} -> 247 | P26: =IF(ISNUMBER(M26), M26 - N26 - (O26 + IF(AND(A27="",M27=""),O27,0) + IF(AND(A27="",M27="",A28="",M28=""),O28,0) + IF(AND(A27="",M27="",A28="",M28="",A29="",M29=""),O29,0) + IF(AND(A27="",M27="",A28="",M28="",A29="",M29="",A30="",M30=""),O30,0) + IF(AND(A27="",M27="",A28="",M28="",A29="",M29="",A30="",M30="",A31="",M31=""),O31,0) + IF(AND(A27="",M27="",A28="",M28="",A29="",M29="",A30="",M30="",A31="",M31="",A32="",M32=""),O32,0) + IF(AND(A27="",M27="",A28="",M28="",A29="",M29="",A30="",M30="",A31="",M31="",A32="",M32="",A33="",M33=""),O33,0) + IF(AND(A27="",M27="",A28="",M28="",A29="",M29="",A30="",M30="",A31="",M31="",A32="",M32="",A33="",M33="",A34="",M34=""),O34,0) + IF(AND(A27="",M27="",A28="",M28="",A29="",M29="",A30="",M30="",A31="",M31="",A32="",M32="",A33="",M33="",A34="",M34="",A35="",M35=""),O35,0) ), -N26 - O26 ) -> -247 | Q26: 0
J27: 0 | P27: =IF(AND(H27="鎖匙扣",P28<0,P29<0,P30<0,P31<0,P32<0), M27-SUM(N27:N32)-O27+100, IF(AND(H27="鎖匙扣",P28<0,P29<0,P30<0,P31<0), M27-SUM(N27:N31)-O27+80, IF(AND(H27="鎖匙扣",P28<0,P29<0,P30<0), M27-SUM(N27:N30)-O27+60, IF(AND(H27="鎖匙扣",P28<0,P29<0), M27-SUM(N27:N29)-O27+40, IF(AND(H27="鎖匙扣",P28<0), M27-SUM(N27:N28)-O27+20, IF(H27="鎖匙扣",M27-N27-O27, IF(AND(H27="吊飾",P28<0,P29<0,P30<0,P31<0,P32<0), M27-SUM(N27:N32)-O27+IF(AND(J28=1,J29=1,J30=1,J31=1,J32=1),1100,0), IF(AND(H27="吊飾",P28<0,P29<0,P30<0,P31<0), M27-SUM(N27:N31)-O27+IF(AND(J28=1,J29=1,J30=1,J31=1),880,0), IF(AND(H27="吊飾",P28<0,P29<0,P30<0), M27-SUM(N27:N30)-O27+IF(AND(J28=1,J29=1,J30=1),660,0), IF(AND(H27="吊飾",P28<0,P29<0), M27-SUM(N27:N29)-O27+IF(AND(J28=1,J29=1),440,0), IF(AND(H27="吊飾",P28<0), M27-SUM(N27:N28)-O27+IF(J28=1,220,0), IF(H27="吊飾",M27-N27-O27, 0)))))))))))) -> 0
J28: 0 | P28: =IF(AND(H28="鎖匙扣",P29<0,P30<0,P31<0,P32<0,P33<0), M28-SUM(N28:N33)-O28+100, IF(AND(H28="鎖匙扣",P29<0,P30<0,P31<0,P32<0), M28-SUM(N28:N32)-O28+80, IF(AND(H28="鎖匙扣",P29<0,P30<0,P31<0), M28-SUM(N28:N31)-O28+60, IF(AND(H28="鎖匙扣",P29<0,P30<0), M28-SUM(N28:N30)-O28+40, IF(AND(H28="鎖匙扣",P29<0), M28-SUM(N28:N29)-O28+20, IF(H28="鎖匙扣",M28-N28-O28, IF(AND(H28="吊飾",P29<0,P30<0,P31<0,P32<0,P33<0), M28-SUM(N28:N33)-O28+IF(AND(J29=1,J30=1,J31=1,J32=1,J33=1),1100,0), IF(AND(H28="吊飾",P29<0,P30<0,P31<0,P32<0), M28-SUM(N28:N32)-O28+IF(AND(J29=1,J30=1,J31=1,J32=1),880,0), IF(AND(H28="吊飾",P29<0,P30<0,P31<0), M28-SUM(N28:N31)-O28+IF(AND(J29=1,J30=1,J31=1),660,0), IF(AND(H28="吊飾",P29<0,P30<0), M28-SUM(N28:N30)-O28+IF(AND(J29=1,J30=1),440,0), IF(AND(H28="吊飾",P29<0), M28-SUM(N28:N29)-O28+IF(J29=1,220,0), IF(H28="吊飾",M28-N28-O28, 0)))))))))))) -> 0
J29: 0 | P29: =IF(AND(H29="鎖匙扣",P30<0,P31<0,P32<0,P33<0,P34<0), M29-SUM(N29:N34)-O29+100, IF(AND(H29="鎖匙扣",P30<0,P31<0,P32<0,P33<0), M29-SUM(N29:N33)-O29+80, IF(AND(H29="鎖匙扣",P30<0,P31<0,P32<0), M29-SUM(N29:N32)-O29+60, IF(AND(H29="鎖匙扣",P30<0,P31<0), M29-SUM(N29:N31)-O29+40, IF(AND(H29="鎖匙扣",P30<0), M29-SUM(N29:N30)-O29+20, IF(H29="鎖匙扣",M29-N29-O29, IF(AND(H29="吊飾",P30<0,P31<0,P32<0,P33<0,P34<0), M29-SUM(N29:N34)-O29+IF(AND(J30=1,J31=1,J32=1,J33=1,J34=1),1100,0), IF(AND(H29="吊飾",P30<0,P31<0,P32<0,P33<0), M29-SUM(N29:N33)-O29+IF(AND(J30=1,J31=1,J32=1,J33=1),880,0), IF(AND(H29="吊飾",P30<0,P31<0,P32<0), M29-SUM(N29:N32)-O29+IF(AND(J30=1,J31=1,J32=1),660,0), IF(AND(H29="吊飾",P30<0,P31<0), M29-SUM(N29:N31)-O29+IF(AND(J30=1,J31=1),440,0), IF(AND(H29="吊飾",P30<0), M29-SUM(N29:N30)-O29+IF(J30=1,220,0), IF(H29="吊飾",M29-N29-O29, 0)))))))))))) -> 0

Sheet 支出
A1: 年份 | B1: 支出 | C1: KeyChain | D1: 打印數量 | E1: 營收 | F1: 成本 | G1: 利潤 | H1: 營利佔有率
A4: 45941 | B4: 3000 | C4: Bamlab PS1
A5: 45991 | B5: 3710 | C5: Lovart AI

Sheet 成本表_鎖匙扣
A1: Updated as 2024-09-15 | H1: Updated as 2024-09-15
A2: 對象 | B2: 產品 | C2: 材料 | D2: 數量 | E2: 成本 | F2: 產品2 | H2: 產品 | I2: 編號 | J2: 成本 | K2: 畫圖 | L2: 打印 | M2: 環扣 | N2: 運費 | O2: 調價 | Q2: 產品 | R2: 編號 | S2: 成本 | T2: 編號2 | U2: 成本3 | V2: 產品4 | W2: 編號5 | X2: 成本6 | Y2: 產品7 | Z2: 編號8 | AA2: 成本9
A3: 嬰兒 | B3: 鎖匙扣 | C3: 不锈鋼 | D3: 1 | E3: =$J$3 -> 185 | F3: 首B手 | H3: 嬰兒 | I3: A1 | J3: =SUM(K3:O3) -> 185 | K3: 60 | L3: 95 | M3: 10 | N3: 20 | O3: 不锈鋼 | Q3: B手x2 | R3: A102 | S3: =SUM(J3,J4) -> 290 | T3: PA102 | U3: =SUM(J9,J10) -> 406 | V3: 家庭手x2 | W3: FA102 | X3: =E24 -> 460 | Y3: 家庭手(P)x2 | Z3: PFA102 | AA3: =SUM(J24,J25)-120 -> 612
A4: 嬰兒 | B4: 鎖匙扣 | C4: 不锈鋼 | D4: 2 | E4: =SUM(E3,$J$4) -> 290 | F4: B手x2 | H4: 嬰兒 | I4: A2 | J4: =SUM(K4:O4) -> 105 | L4: 95 | M4: 10 | Q4: B手x3 | R4: A103 | S4: =SUM(S3,$J$4) -> 395 | T4: PA103 | U4: =SUM(U3,$J$10) -> 538 | V4: 家庭手x3 | W4: FA103 | X4: =SUM(X3,$J$23) -> 1047 | Y4: 家庭手(P)x3 | Z4: PFA103 | AA4: =SUM(AA3,$J$25) -> 1199
A5: 嬰兒 | B5: 鎖匙扣 | C5: 不锈鋼 | D5: 3 | E5: =SUM(E4,$J$4) -> 395 | F5: B手x3 | H5: 嬰兒 | I5: A1 | J5: =SUM(K5:O5) -> 212 | K5: 60 | L5: 122 | M5: 10 | N5: 20 | O5: 鋁合金 | Q5: B手x4 | R5: A104 | S5: =SUM(S4,$J$4) -> 500 | T5: PA104 | U5: =SUM(U4,$J$10) -> 670 | V5: 家庭手x4 | W5: FA104 | X5: =SUM(X4,$J$23) -> 1634 | Y5: 家庭手(P)x4 | Z5: PFA104 | AA5: =SUM(AA4,$J$25) -> 1786
A6: 嬰兒 | B6: 鎖匙扣 | C6: 不锈鋼 | D6: 4 | E6: =SUM(E5,$J$4) -> 500 | F6: B手x4 | H6: 嬰兒 | I6: A2 | J6: =SUM(K6:O6) -> 132 | L6: 122 | M6: 10 | Q6: B手x5 | R6: A105 | S6: =SUM(S5,$J$4) -> 605 | T6: PA105 | U6: =SUM(U5,$J$10) -> 802 | V6: 家庭手x5 | W6: FA105 | X6: =SUM(X5,$J$23) -> 2221 | Y6: 家庭手(P)x5 | Z6: PFA105 | AA6: =SUM(AA5,$J$25) -> 2373
A7: 嬰兒 | B7: 鎖匙扣 | C7: 不锈鋼 | D7: 5 | E7: =SUM(E6,$J$4) -> 605 | F7: B手x5 | H7: 嬰兒(P) | I7: PA1 | J7: =SUM(K7:O7) -> 247 | K7: 122 | L7: 95 | M7: 10 | N7: 20 | O7: 不锈鋼 | Q7: B手x6 | R7: A106 | S7: =SUM(S6,$J$4) -> 710 | T7: PA106 | U7: =SUM(U6,$J$10) -> 934 | V7: 家庭手x6 | W7: FA106 | X7: =SUM(X6,$J$23) -> 2808 | Y7: 家庭手(P)x6 | Z7: PFA106 | AA7: =SUM(AA6,$J$25) -> 2960
A8: 嬰兒 | B8: 鎖匙扣 | C8: 不锈鋼 | D8: 6 | E8: =SUM(E7,$J$4) -> 710 | F8: B手x6 | H8: 嬰兒(P) | I8: PA2 | J8: =SUM(K8:O8) -> 105 | L8: 95 | M8: 10 | Q8: B手x7 | R8: A107 | S8: =SUM(S7,$J$4) -> 815 | T8: PA107 | U8: =SUM(U7,$J$10) -> 1066 | V8: 家庭手x7 | W8: FA107 | X8: =SUM(X7,$J$23) -> 3395 | Y8: 家庭手(P)x7 | Z8: PFA107 | AA8: =SUM(AA7,$J$25) -> 3547
A9: 嬰兒 | B9: 鎖匙扣 | C9: 不锈鋼 | D9: 7 | E9: =SUM(E8,$J$4) -> 815 | F9: B手x7 | H9: 嬰兒(P) | I9: PA1 | J9: =SUM(K9:O9) -> 274 | K9: 122 | L9: 122 | M9: 10 | N9: 20 | O9: 鋁合金 | Q9: B手x8 | R9: A108 | S9: =SUM(S8,$J$4) -> 920 | T9: PA108 | U9: =SUM(U8,$J$10) -> 1198 | V9: 家庭手x8 | W9: FA108 | X9: =SUM(X8,$J$23) -> 3982 | Y9: 家庭手(P)x8 | Z9: PFA108 | AA9: =SUM(AA8,$J$25) -> 4134
A10: 嬰兒 | B10: 鎖匙扣 | C10: 不锈鋼 | D10: 8 | E10: =SUM(E9,$J$4) -> 920 | F10: B手x8 | H10: 嬰兒(P) | I10: PA2 | J10: =SUM(K10:O10) -> 132 | L10: 122 | M10: 10 | Q10: B手x9 | R10: A109 | S10: =SUM(S9,$J$4) -> 1025 | T10: PA109 | U10: =SUM(U9,$J$10) -> 1330 | V10: 家庭手x9 | W10: FA109 | X10: =SUM(X9,$J$23) -> 4569 | Y10: 家庭手(P)x9 | Z10: PFA109 | AA10: =SUM(AA9,$J$25) -> 4721
A11: 嬰兒 | B11: 鎖匙扣 | C11: 不锈鋼 | D11: 9 | E11: =SUM(E10,$J$4) -> 1025 | F11: B手x9 | H11: 家庭(S1) | I11: FAB1 | J11: =SUM(K11:O11) -> 315 | K11: 150 | L11: 135 | M11: 10 | N11: 20 | O11: 不锈鋼 | Q11: B手x10 | R11: A110 | S11: =SUM(S10,$J$4) -> 1130 | T11: PA110 | U11: =SUM(U10,$J$10) -> 1462 | V11: 家庭手x10 | W11: FA110 | X11: =SUM(X10,$J$23) -> 5156 | Y11: 家庭手(P)x10 | Z11: PFA110 | AA11: =SUM(AA10,$J$25) -> 5308
A12: 嬰兒 | B12: 鎖匙扣 | C12: 不锈鋼 | D12: 10 | E12: =SUM(E11,$J$4) -> 1130 | F12: B手x10 | H12: 家庭(S1) | I12: FAB2 | J12: =SUM(K12:O12) -> 145 | L12: 135 | M12: 10 | Q12: B手腳X2 | R12: AB102 | S12: =SUM(J3,J4)+60 -> 350 | T12: PAB102 | U12: =SUM(J9,$J$10)+120 -> 526 | V12: 家庭手腳x2 | W12: PFAB102 | X12: =SUM(J22,J23) -> 732 | Y12: 家庭手腳(P)x2 | Z12: PFAB102 | AA12: =SUM(J24,J25) -> 732
A13: 嬰兒(P) | B13: 鎖匙扣 | C13: 不锈鋼 | D13: 1 | E13: =$J$7 -> 247 | F13: 首B手(P) | H13: 家庭(S1) | I13: FAB1 | J13: =SUM(K13:O13) -> 315 | K13: 150 | L13: 135 | M13: 10 | N13: 20 | O13: 鋁合金 | Q13: B手腳X3 | R13: AB103 | S13: =SUM(S12,$J$4) -> 455 | T13: PAB103 | U13: =SUM(U12,$J$10) -> 658 | V13: 家庭手腳x3 | W13: PFAB103 | X13: =SUM(X12,$J$23) -> 1319 | Y13: 家庭手腳(P)x3 | Z13: PFAB103 | AA13: =SUM(AA12,$J$25) -> 1319
A14: 嬰兒(P) | B14: 鎖匙扣 | C14: 不锈鋼 | D14: 2 | E14: =SUM(E13,$J$8) -> 352 | F14: B手(P)x2 | H14: 家庭(S1) | I14: FAB2 | J14: =SUM(K14:O14) -> 145 | L14: 135 | M14: 10 | Q14: B手腳X4 | R14: AB104 | S14: =SUM(S13,$J$4) -> 560 | T14: PAB104 | U14: =SUM(U13,$J$10) -> 790 | V14: 家庭手腳x4 | W14: PFAB104 | X14: =SUM(X13,$J$23) -> 1906 | Y14: 家庭手腳(P)x4 | Z14: PFAB104 | AA14: =SUM(AA13,$J$25) -> 1906
A15: 嬰兒(P) | B15: 鎖匙扣 | C15: 不锈鋼 | D15: 3 | E15: =SUM(E14,$J$8) -> 457 | F15: B手(P)x3 | H15: 家庭(S2) | I15: FAB1 | J15: =SUM(K15:O15) -> 375 | K15: 210 | L15: 135 | M15: 10 | N15: 20 | O15: 不锈鋼 | Q15: B手腳X5 | R15: AB105 | S15: =SUM(S14,$J$4) -> 665 | T15: PAB105 | U15: =SUM(U14,$J$10) -> 922 | V15: 家庭手腳x5 | W15: PFAB105 | X15: =SUM(X14,$J$23) -> 2493 | Y15: 家庭手腳(P)x5 | Z15: PFAB105 | AA15: =SUM(AA14,$J$25) -> 2493
A16: 嬰兒(P) | B16: 鎖匙扣 | C16: 不锈鋼 | D16: 4 | E16: =SUM(E15,$J$8) -> 562 | F16: B手(P)x4 | H16: 家庭(S2) | I16: FAB2 | J16: =SUM(K16:O16) -> 145 | L16: 135 | M16: 10 | Q16: B手腳X6 | R16: AB106 | S16: =SUM(S15,$J$4) -> 770 | T16: PAB106 | U16: =SUM(U15,$J$10) -> 1054 | V16: 家庭手腳x6 | W16: PFAB106 | X16: =SUM(X15,$J$23) -> 3080 | Y16: 家庭手腳(P)x6 | Z16: PFAB106 | AA16: =SUM(AA15,$J$25) -> 3080
A17: 嬰兒(P) | B17: 鎖匙扣 | C17: 不锈鋼 | D17: 5 | E17: =SUM(E16,$J$8) -> 667 | F17: B手(P)x5 | H17: 家庭(S2) | I17: FAB1 | J17: =SUM(K17:O17) -> 375 | K17: 210 | L17: 135 | M17: 10 | N17: 20 | O17: 鋁合金 | Q17: B手腳X7 | R17: AB107 | S17: =SUM(S16,$J$4) -> 875 | T17: PAB107 | U17: =SUM(U16,$J$10) -> 1186 | V17: 家庭手腳x7 | W17: PFAB107 | X17: =SUM(X16,$J$23) -> 3667 | Y17: 家庭手腳(P)x7 | Z17: PFAB107 | AA17: =SUM(AA16,$J$25) -> 3667
A18: 嬰兒(P) | B18: 鎖匙扣 | C18: 不锈鋼 | D18: 6 | E18: =SUM(E17,$J$8) -> 772 | F18: B手(P)x6 | H18: 家庭(S2) | I18: FAB2 | J18: =SUM(K18:O18) -> 145 | L18: 135 | M18: 10 | Q18: B手腳X8 | R18: AB108 | S18: =SUM(S17,$J$4) -> 980 | T18: PAB108 | U18: =SUM(U17,$J$10) -> 1318 | V18: 家庭手腳x8 | W18: PFAB108 | X18: =SUM(X17,$J$23) -> 4254 | Y18: 家庭手腳(P)x8 | Z18: PFAB108 | AA18: =SUM(AA17,$J$25) -> 4254
A19: 嬰兒(P) | B19: 鎖匙扣 | C19: 不锈鋼 | D19: 7 | E19: =SUM(E18,$J$8) -> 877 | F19: B手(P)x7 | H19: 家庭(P1) | I19: PFAB1 | J19: =SUM(K19:O19) -> 465 | K19: 300 | L19: 135 | M19: 10 | N19: 20 | O19: 不锈鋼 | Q19: B手腳X9 | R19: AB109 | S19: =SUM(S18,$J$4) -> 1085 | T19: PAB109 | U19: =SUM(U18,$J$10) -> 1450 | V19: 家庭手腳x9 | W19: PFAB109 | X19: =SUM(X18,$J$23) -> 4841 | Y19: 家庭手腳(P)x9 | Z19: PFAB109 | AA19: =SUM(AA18,$J$25) -> 4841
A20: 嬰兒(P) | B20: 鎖匙扣 | C20: 不锈鋼 | D20: 8 | E20: =SUM(E19,$J$8) -> 982 | F20: B手(P)x8 | H20: 家庭(P1) | I20: PFAB2 | J20: =SUM(K20:O20) -> 145 | L20: 135 | M20: 10 | Q20: B手腳X10 | R20: AB110 | S20: =SUM(S19,$J$4) -> 1190 | T20: PAB110 | U20: =SUM(U19,$J$10) -> 1582 | V20: 家庭手腳x10 | W20: PFAB110 | X20: =SUM(X19,$J$23) -> 5428 | Y20: 家庭手腳(P)x10 | Z20: PFAB110 | AA20: =SUM(AA19,$J$25) -> 5428
A21: 嬰兒(P) | B21: 鎖匙扣 | C21: 不锈鋼 | D21: 9 | E21: =SUM(E20,$J$8) -> 1087 | F21: B手(P)x9 | H21: 家庭(P1) | I21: PFAB1 | J21: =SUM(K21:O21) -> 465 | K21: 300 | L21: 135 | M21: 10 | N21: 20 | O21: 鋁合金 | Q21: A for hand | R21: B for foot | S21: F for Family
A22: 嬰兒(P) | B22: 鎖匙扣 | C22: 不锈鋼 | D22: 10 | E22: =SUM(E21,$J$8) -> 1192 | F22: B手(P)x10 | H22: 家庭(P1) | I22: PFAB2 | J22: =SUM(K22:O22) -> 145 | L22: 135 | M22: 10
A23: 家庭(S1) | B23: 鎖匙扣 | C23: 不锈鋼 | D23: 1 | E23: =$J$11 -> 315 | F23: 首家庭手 | H23: 家庭(P2) | I23: PFAB1 | J23: =SUM(K23:O23) -> 587 | K23: 422 | L23: 135 | M23: 10 | N23: 20 | O23: 不锈鋼
A24: 家庭(S1) | B24: 鎖匙扣 | C24: 不锈鋼 | D24: 2 | E24: =SUM(E23,$J$12) -> 460 | F24: 首家庭手x2 | H24: 家庭(P2) | I24: PFAB2 | J24: =SUM(K24:O24) -> 145 | L24: 135 | M24: 10
A25: 家庭(S1) | B25: 鎖匙扣 | C25: 不锈鋼 | D25: 3 | E25: =SUM(E24,$J$12) -> 605 | F25: 首家庭手x3 | H25: 家庭(P2) | I25: PFAB1 | J25: =SUM(K25:O25) -> 587 | K25: 422 | L25: 135 | M25: 10 | N25: 20 | O25: 鋁合金
A26: 家庭(S1) | B26: 鎖匙扣 | C26: 不锈鋼 | D26: 4 | E26: =SUM(E25,$J$12) -> 750 | F26: 首家庭手x4 | H26: 家庭(P2) | I26: PFAB2 | J26: =SUM(K26:O26) -> 145 | L26: 135 | M26: 10
A27: 家庭(S1) | B27: 鎖匙扣 | C27: 不锈鋼 | D27: 5 | E27: =SUM(E26,$J$12) -> 895 | F27: 首家庭手x5
A28: 家庭(S1) | B28: 鎖匙扣 | C28: 不锈鋼 | D28: 6 | E28: =SUM(E27,$J$12) -> 1040 | F28: 首家庭手x6 | H28: 組合 | I28: 手/腳 | J28: 產品 | K28: 材料 | L28: 數量
A29: 家庭(S1) | B29: 鎖匙扣 | C29: 不锈鋼 | D29: 7 | E29: =SUM(E28,$J$12) -> 1185 | F29: 首家庭手x7 | H29: 嬰兒 | I29: 手 | J29: 鎖匙扣 | K29: 不锈鋼 | L29: 1
A30: 家庭(S1) | B30: 鎖匙扣 | C30: 不锈鋼 | D30: 8 | E30: =SUM(E29,$J$12) -> 1330 | F30: 首家庭手x8 | H30: 嬰兒(P) | I30: 腳 | J30: 吊飾 | K30: 925銀 | L30: 2
A31: 家庭(S1) | B31: 鎖匙扣 | C31: 不锈鋼 | D31: 9 | E31: =SUM(E30,$J$12) -> 1475 | F31: 首家庭手x9 | H31: 家庭(S1) | I31: 手腳 | K31: 925金 | L31: 3
A32: 家庭(S1) | B32: 鎖匙扣 | C32: 不锈鋼 | D32: 10 | E32: =SUM(E31,$J$12) -> 1620 | F32: 首家庭手x10 | H32: 家庭(S2) | K32: 黃銅 | L32: 4
A33: 家庭(S2) | B33: 鎖匙扣 | C33: 不锈鋼 | D33: 1 | E33: =$J$15 -> 375 | F33: 首家庭手腳 | H33: 家庭(P1) | K33: 鋁合金 | L33: 5
A34: 家庭(S2) | B34: 鎖匙扣 | C34: 不锈鋼 | D34: 2 | E34: =SUM(E33,$J$16) -> 520 | F34: 首家庭手腳x2 | H34: 家庭(P2) | L34: 6
A35: 家庭(S2) | B35: 鎖匙扣 | C35: 不锈鋼 | D35: 3 | E35: =SUM(E34,$J$16) -> 665 | F35: 首家庭手腳x3 | L35: 7
A36: 家庭(S2) | B36: 鎖匙扣 | C36: 不锈鋼 | D36: 4 | E36: =SUM(E35,$J$16) -> 810 | F36: 首家庭手腳x4 | L36: 8
A37: 家庭(S2) | B37: 鎖匙扣 | C37: 不锈鋼 | D37: 5 | E37: =SUM(E36,$J$16) -> 955 | F37: 首家庭手腳x5 | L37: 9
A38: 家庭(S2) | B38: 鎖匙扣 | C38: 不锈鋼 | D38: 6 | E38: =SUM(E37,$J$16) -> 1100 | F38: 首家庭手腳x6 | L38: 10
A39: 家庭(S2) | B39: 鎖匙扣 | C39: 不锈鋼 | D39: 7 | E39: =SUM(E38,$J$16) -> 1245 | F39: 首家庭手腳x7
A40: 家庭(S2) | B40: 鎖匙扣 | C40: 不锈鋼 | D40: 8 | E40: =SUM(E39,$J$16) -> 1390 | F40: 首家庭手腳x8
A41: 家庭(S2) | B41: 鎖匙扣 | C41: 不锈鋼 | D41: 9 | E41: =SUM(E40,$J$16) -> 1535 | F41: 首家庭手腳x9
A42: 家庭(S2) | B42: 鎖匙扣 | C42: 不锈鋼 | D42: 10 | E42: =SUM(E41,$J$16) -> 1680 | F42: 首家庭手腳x10
A43: 家庭(P1) | B43: 鎖匙扣 | C43: 不锈鋼 | D43: 1 | E43: =$J$19 -> 465 | F43: 家庭手(P)
A44: 家庭(P1) | B44: 鎖匙扣 | C44: 不锈鋼 | D44: 2 | E44: =SUM(E43,$J$20) -> 610 | F44: 家庭手(P)x2
A45: 家庭(P1) | B45: 鎖匙扣 | C45: 不锈鋼 | D45: 3 | E45: =SUM(E44,$J$20) -> 755 | F45: 家庭手(P)x3
A46: 家庭(P1) | B46: 鎖匙扣 | C46: 不锈鋼 | D46: 4 | E46: =SUM(E45,$J$20) -> 900 | F46: 家庭手(P)x4
A47: 家庭(P1) | B47: 鎖匙扣 | C47: 不锈鋼 | D47: 5 | E47: =SUM(E46,$J$20) -> 1045 | F47: 家庭手(P)x5
A48: 家庭(P1) | B48: 鎖匙扣 | C48: 不锈鋼 | D48: 6 | E48: =SUM(E47,$J$20) -> 1190 | F48: 家庭手(P)x6
A49: 家庭(P1) | B49: 鎖匙扣 | C49: 不锈鋼 | D49: 7 | E49: =SUM(E48,$J$20) -> 1335 | F49: 家庭手(P)x7
A50: 家庭(P1) | B50: 鎖匙扣 | C50: 不锈鋼 | D50: 8 | E50: =SUM(E49,$J$20) -> 1480 | F50: 家庭手(P)x8
A51: 家庭(P1) | B51: 鎖匙扣 | C51: 不锈鋼 | D51: 9 | E51: =SUM(E50,$J$20) -> 1625 | F51: 家庭手(P)x9
A52: 家庭(P1) | B52: 鎖匙扣 | C52: 不锈鋼 | D52: 10 | E52: =SUM(E51,$J$20) -> 1770 | F52: 家庭手(P)x10
A53: 家庭(P2) | B53: 鎖匙扣 | C53: 不锈鋼 | D53: 1 | E53: =$J$23 -> 587 | F53: 家庭手腳(P)x1
A54: 家庭(P2) | B54: 鎖匙扣 | C54: 不锈鋼 | D54: 2 | E54: =SUM(E53,$J$24) -> 732 | F54: 家庭手腳(P)x2
A55: 家庭(P2) | B55: 鎖匙扣 | C55: 不锈鋼 | D55: 3 | E55: =SUM(E54,$J$24) -> 877 | F55: 家庭手腳(P)x3
A56: 家庭(P2) | B56: 鎖匙扣 | C56: 不锈鋼 | D56: 4 | E56: =SUM(E55,$J$24) -> 1022 | F56: 家庭手腳(P)x4
A57: 家庭(P2) | B57: 鎖匙扣 | C57: 不锈鋼 | D57: 5 | E57: =SUM(E56,$J$24) -> 1167 | F57: 家庭手腳(P)x5
A58: 家庭(P2) | B58: 鎖匙扣 | C58: 不锈鋼 | D58: 6 | E58: =SUM(E57,$J$24) -> 1312 | F58: 家庭手腳(P)x6
A59: 家庭(P2) | B59: 鎖匙扣 | C59: 不锈鋼 | D59: 7 | E59: =SUM(E58,$J$24) -> 1457 | F59: 家庭手腳(P)x7
A60: 家庭(P2) | B60: 鎖匙扣 | C60: 不锈鋼 | D60: 8 | E60: =SUM(E59,$J$24) -> 1602 | F60: 家庭手腳(P)x8
A61: 家庭(P2) | B61: 鎖匙扣 | C61: 不锈鋼 | D61: 9 | E61: =SUM(E60,$J$24) -> 1747 | F61: 家庭手腳(P)x9
A62: 家庭(P2) | B62: 鎖匙扣 | C62: 不锈鋼 | D62: 10 | E62: =SUM(E61,$J$24) -> 1892 | F62: 家庭手腳(P)x10
A63: 嬰兒 | B63: 鎖匙扣 | C63: 鋁合金 | D63: 1 | E63: =$J$5 -> 212 | F63: 首B手
A64: 嬰兒 | B64: 鎖匙扣 | C64: 鋁合金 | D64: 2 | E64: =SUM(E63,$J$6) -> 344 | F64: B手x2
A65: 嬰兒 | B65: 鎖匙扣 | C65: 鋁合金 | D65: 3 | E65: =SUM(E64,$J$6) -> 476 | F65: B手x3
A66: 嬰兒 | B66: 鎖匙扣 | C66: 鋁合金 | D66: 4 | E66: =SUM(E65,$J$6) -> 608 | F66: B手x4
A67: 嬰兒 | B67: 鎖匙扣 | C67: 鋁合金 | D67: 5 | E67: =SUM(E66,$J$6) -> 740 | F67: B手x5
A68: 嬰兒 | B68: 鎖匙扣 | C68: 鋁合金 | D68: 6 | E68: =SUM(E67,$J$6) -> 872 | F68: B手x6
A69: 嬰兒 | B69: 鎖匙扣 | C69: 鋁合金 | D69: 7 | E69: =SUM(E68,$J$6) -> 1004 | F69: B手x7
A70: 嬰兒 | B70: 鎖匙扣 | C70: 鋁合金 | D70: 8 | E70: =SUM(E69,$J$6) -> 1136 | F70: B手x8
A71: 嬰兒 | B71: 鎖匙扣 | C71: 鋁合金 | D71: 9 | E71: =SUM(E70,$J$6) -> 1268 | F71: B手x9
A72: 嬰兒 | B72: 鎖匙扣 | C72: 鋁合金 | D72: 10 | E72: =SUM(E71,$J$6) -> 1400 | F72: B手x10
A73: 嬰兒(P) | B73: 鎖匙扣 | C73: 鋁合金 | D73: 1 | E73: =$J$9 -> 274 | F73: 首B手(P)
A74: 嬰兒(P) | B74: 鎖匙扣 | C74: 鋁合金 | D74: 2 | E74: =SUM(E73,$J$10) -> 406 | F74: B手(P)x2
A75: 嬰兒(P) | B75: 鎖匙扣 | C75: 鋁合金 | D75: 3 | E75: =SUM(E74,$J$10) -> 538 | F75: B手(P)x3
A76: 嬰兒(P) | B76: 鎖匙扣 | C76: 鋁合金 | D76: 4 | E76: =SUM(E75,$J$10) -> 670 | F76: B手(P)x4
A77: 嬰兒(P) | B77: 鎖匙扣 | C77: 鋁合金 | D77: 5 | E77: =SUM(E76,$J$10) -> 802 | F77: B手(P)x5
A78: 嬰兒(P) | B78: 鎖匙扣 | C78: 鋁合金 | D78: 6 | E78: =SUM(E77,$J$10) -> 934 | F78: B手(P)x6
A79: 嬰兒(P) | B79: 鎖匙扣 | C79: 鋁合金 | D79: 7 | E79: =SUM(E78,$J$10) -> 1066 | F79: B手(P)x7
A80: 嬰兒(P) | B80: 鎖匙扣 | C80: 鋁合金 | D80: 8 | E80: =SUM(E79,$J$10) -> 1198 | F80: B手(P)x8
A81: 嬰兒(P) | B81: 鎖匙扣 | C81: 鋁合金 | D81: 9 | E81: =SUM(E80,$J$10) -> 1330 | F81: B手(P)x9
A82: 嬰兒(P) | B82: 鎖匙扣 | C82: 鋁合金 | D82: 10 | E82: =SUM(E81,$J$10) -> 1462 | F82: B手(P)x10
A83: 家庭(S1) | B83: 鎖匙扣 | C83: 鋁合金 | D83: 1 | E83: =$J$13 -> 315 | F83: 首家庭手
A84: 家庭(S1) | B84: 鎖匙扣 | C84: 鋁合金 | D84: 2 | E84: =SUM(E83,$J$14) -> 460 | F84: 首家庭手x2
A85: 家庭(S1) | B85: 鎖匙扣 | C85: 鋁合金 | D85: 3 | E85: =SUM(E84,$J$14) -> 605 | F85: 首家庭手x3
A86: 家庭(S1) | B86: 鎖匙扣 | C86: 鋁合金 | D86: 4 | E86: =SUM(E85,$J$14) -> 750 | F86: 首家庭手x4
A87: 家庭(S1) | B87: 鎖匙扣 | C87: 鋁合金 | D87: 5 | E87: =SUM(E86,$J$14) -> 895 | F87: 首家庭手x5
A88: 家庭(S1) | B88: 鎖匙扣 | C88: 鋁合金 | D88: 6 | E88: =SUM(E87,$J$14) -> 1040 | F88: 首家庭手x6
A89: 家庭(S1) | B89: 鎖匙扣 | C89: 鋁合金 | D89: 7 | E89: =SUM(E88,$J$14) -> 1185 | F89: 首家庭手x7
A90: 家庭(S1) | B90: 鎖匙扣 | C90: 鋁合金 | D90: 8 | E90: =SUM(E89,$J$14) -> 1330 | F90: 首家庭手x8
A91: 家庭(S1) | B91: 鎖匙扣 | C91: 鋁合金 | D91: 9 | E91: =SUM(E90,$J$14) -> 1475 | F91: 首家庭手x9
A92: 家庭(S1) | B92: 鎖匙扣 | C92: 鋁合金 | D92: 10 | E92: =SUM(E91,$J$14) -> 1620 | F92: 首家庭手x10
A93: 家庭(S2) | B93: 鎖匙扣 | C93: 鋁合金 | D93: 1 | E93: =$J$17 -> 375 | F93: 首家庭手腳
A94: 家庭(S2) | B94: 鎖匙扣 | C94: 鋁合金 | D94: 2 | E94: =SUM(E93,$J$18) -> 520 | F94: 首家庭手腳x2
A95: 家庭(S2) | B95: 鎖匙扣 | C95: 鋁合金 | D95: 3 | E95: =SUM(E94,$J$18) -> 665 | F95: 首家庭手腳x3
A96: 家庭(S2) | B96: 鎖匙扣 | C96: 鋁合金 | D96: 4 | E96: =SUM(E95,$J$18) -> 810 | F96: 首家庭手腳x4
A97: 家庭(S2) | B97: 鎖匙扣 | C97: 鋁合金 | D97: 5 | E97: =SUM(E96,$J$18) -> 955 | F97: 首家庭手腳x5
A98: 家庭(S2) | B98: 鎖匙扣 | C98: 鋁合金 | D98: 6 | E98: =SUM(E97,$J$18) -> 1100 | F98: 首家庭手腳x6
A99: 家庭(S2) | B99: 鎖匙扣 | C99: 鋁合金 | D99: 7 | E99: =SUM(E98,$J$18) -> 1245 | F99: 首家庭手腳x7
A100: 家庭(S2) | B100: 鎖匙扣 | C100: 鋁合金 | D100: 8 | E100: =SUM(E99,$J$18) -> 1390 | F100: 首家庭手腳x8
...

Sheet 成本表_吊飾
A1: Updated as 2026-01-16 | H1: Updated as 2026-01-16
A2: 對象 | B2: 產品 | C2: 材料 | D2: 數量 | E2: 成本 | F2: 產品2 | H2: 產品 | I2: 編號 | J2: 成本 | K2: 畫圖 | L2: 打印 | M2: 環扣 | N2: 運費 | O2: 調價
A3: 嬰兒 | B3: 吊飾 | C3: 925銀 | D3: 1 | E3: =$J$3 -> 425 | F3: 首B手 | H3: 嬰兒 | I3: S1 | J3: =SUM(K3:O3) -> 425 | K3: 60 | L3: 260 | M3: 70 | N3: 35 | O3: 銀
A4: 嬰兒 | B4: 吊飾 | C4: 925銀 | D4: 2 | E4: =SUM(E3,$J$4) -> 685 | F4: B手x2 | H4: 嬰兒 | I4: S2 | J4: =SUM(K4:O4) -> 260 | L4: 260
A5: 嬰兒 | B5: 吊飾 | C5: 925銀 | D5: 3 | E5: =SUM(E4,$J$4) -> 945 | F5: B手x3 | H5: 嬰兒 | I5: G1 | J5: =SUM(K5:O5) -> 481 | K5: 60 | L5: =260+56 -> 316 | M5: 70 | N5: 35 | O5: 金
A6: 嬰兒 | B6: 吊飾 | C6: 925銀 | D6: 4 | E6: =SUM(E5,$J$4) -> 1205 | F6: B手x4 | H6: 嬰兒 | I6: G2 | J6: =SUM(K6:O6) -> 316 | L6: =260+56 -> 316
A7: 嬰兒 | B7: 吊飾 | C7: 925銀 | D7: 5 | E7: =SUM(E6,$J$4) -> 1465 | F7: B手x5 | H7: 嬰兒(P) | I7: PS1 | J7: =SUM(K7:O7) -> 487 | K7: 122 | L7: =L3 -> 260 | M7: 70 | N7: 35 | O7: 銀
A8: 嬰兒 | B8: 吊飾 | C8: 925銀 | D8: 6 | E8: =SUM(E7,$J$4) -> 1725 | F8: B手x6 | H8: 嬰兒(P) | I8: PS2 | J8: =SUM(K8:O8) -> 260 | L8: =L3 -> 260
A9: 嬰兒 | B9: 吊飾 | C9: 925銀 | D9: 7 | E9: =SUM(E8,$J$4) -> 1985 | F9: B手x7 | H9: 嬰兒(P) | I9: PG1 | J9: =SUM(K9:O9) -> 543 | K9: 122 | L9: =L5 -> 316 | M9: 70 | N9: 35 | O9: 金
A10: 嬰兒 | B10: 吊飾 | C10: 925銀 | D10: 8 | E10: =SUM(E9,$J$4) -> 2245 | F10: B手x8 | H10: 嬰兒(P) | I10: PG2 | J10: =SUM(K10:O10) -> 316 | L10: =L5 -> 316
A11: 嬰兒 | B11: 吊飾 | C11: 925銀 | D11: 9 | E11: =SUM(E10,$J$4) -> 2505 | F11: B手x9
A12: 嬰兒 | B12: 吊飾 | C12: 925銀 | D12: 10 | E12: =SUM(E11,$J$4) -> 2765 | F12: B手x10
A13: 嬰兒 | B13: 吊飾 | C13: 925金 | D13: 1 | E13: =$J$5 -> 481 | F13: 首B手
A14: 嬰兒 | B14: 吊飾 | C14: 925金 | D14: 2 | E14: =SUM(E13,$J$6) -> 797 | F14: B手x2
A15: 嬰兒 | B15: 吊飾 | C15: 925金 | D15: 3 | E15: =SUM(E14,$J$6) -> 1113 | F15: B手x3
A16: 嬰兒 | B16: 吊飾 | C16: 925金 | D16: 4 | E16: =SUM(E15,$J$6) -> 1429 | F16: B手x4
A17: 嬰兒 | B17: 吊飾 | C17: 925金 | D17: 5 | E17: =SUM(E16,$J$6) -> 1745 | F17: B手x5
A18: 嬰兒 | B18: 吊飾 | C18: 925金 | D18: 6 | E18: =SUM(E17,$J$6) -> 2061 | F18: B手x6
A19: 嬰兒 | B19: 吊飾 | C19: 925金 | D19: 7 | E19: =SUM(E18,$J$6) -> 2377 | F19: B手x7
A20: 嬰兒 | B20: 吊飾 | C20: 925金 | D20: 8 | E20: =SUM(E19,$J$6) -> 2693 | F20: B手x8
A21: 嬰兒 | B21: 吊飾 | C21: 925金 | D21: 9 | E21: =SUM(E20,$J$6) -> 3009 | F21: B手x9
A22: 嬰兒 | B22: 吊飾 | C22: 925金 | D22: 10 | E22: =SUM(E21,$J$6) -> 3325 | F22: B手x10
A23: 嬰兒(P) | B23: 吊飾 | C23: 925銀 | D23: 1 | E23: =$J$7 -> 487 | F23: 首B手(P)
A24: 嬰兒(P) | B24: 吊飾 | C24: 925銀 | D24: 2 | E24: =SUM(E23,$J$8) -> 747 | F24: B手(P)x2
A25: 嬰兒(P) | B25: 吊飾 | C25: 925銀 | D25: 3 | E25: =SUM(E24,$J$8) -> 1007 | F25: B手(P)x3
A26: 嬰兒(P) | B26: 吊飾 | C26: 925銀 | D26: 4 | E26: =SUM(E25,$J$8) -> 1267 | F26: B手(P)x4
A27: 嬰兒(P) | B27: 吊飾 | C27: 925銀 | D27: 5 | E27: =SUM(E26,$J$8) -> 1527 | F27: B手(P)x5 | H27: A for hand | I27: B for foot | J27: F for Family
A28: 嬰兒(P) | B28: 吊飾 | C28: 925銀 | D28: 6 | E28: =SUM(E27,$J$8) -> 1787 | F28: B手(P)x6
A29: 嬰兒(P) | B29: 吊飾 | C29: 925銀 | D29: 7 | E29: =SUM(E28,$J$8) -> 2047 | F29: B手(P)x7 | H29: 組合 | I29: 手/腳 | J29: 產品 | K29: 材料 | L29: 數量
A30: 嬰兒(P) | B30: 吊飾 | C30: 925銀 | D30: 8 | E30: =SUM(E29,$J$8) -> 2307 | F30: B手(P)x8 | H30: 嬰兒 | I30: 手 | J30: 鎖匙扣 | K30: 不锈鋼
A31: 嬰兒(P) | B31: 吊飾 | C31: 925銀 | D31: 9 | E31: =SUM(E30,$J$8) -> 2567 | F31: B手(P)x9 | H31: 家庭 | I31: 腳 | J31: 吊飾 | K31: 925銀
A32: 嬰兒(P) | B32: 吊飾 | C32: 925銀 | D32: 10 | E32: =SUM(E31,$J$8) -> 2827 | F32: B手(P)x10 | H32: 情侶 | I32: 手腳 | K32: 925金
A33: 嬰兒(P) | B33: 吊飾 | C33: 925金 | D33: 1 | E33: =$J$9 -> 543 | F33: 首B手(P) | H33: 嬰兒(P) | K33: 黃銅
A34: 嬰兒(P) | B34: 吊飾 | C34: 925金 | D34: 2 | E34: =SUM(E33,$J$10) -> 859 | F34: B手(P)x2 | H34: 家庭(P)
A35: 嬰兒(P) | B35: 吊飾 | C35: 925金 | D35: 3 | E35: =SUM(E34,$J$10) -> 1175 | F35: B手(P)x3 | H35: 情侶(P)
A36: 嬰兒(P) | B36: 吊飾 | C36: 925金 | D36: 4 | E36: =SUM(E35,$J$10) -> 1491 | F36: B手(P)x4
A37: 嬰兒(P) | B37: 吊飾 | C37: 925金 | D37: 5 | E37: =SUM(E36,$J$10) -> 1807 | F37: B手(P)x5
A38: 嬰兒(P) | B38: 吊飾 | C38: 925金 | D38: 6 | E38: =SUM(E37,$J$10) -> 2123 | F38: B手(P)x6
A39: 嬰兒(P) | B39: 吊飾 | C39: 925金 | D39: 7 | E39: =SUM(E38,$J$10) -> 2439 | F39: B手(P)x7
A40: 嬰兒(P) | B40: 吊飾 | C40: 925金 | D40: 8 | E40: =SUM(E39,$J$10) -> 2755 | F40: B手(P)x8
A41: 嬰兒(P) | B41: 吊飾 | C41: 925金 | D41: 9 | E41: =SUM(E40,$J$10) -> 3071 | F41: B手(P)x9
A42: 嬰兒(P) | B42: 吊飾 | C42: 925金 | D42: 10 | E42: =SUM(E41,$J$10) -> 3387 | F42: B手(P)x10

Sheet 報價表 (2024)
A1: Free_handsss Updated as 4/2025
A4: 組合 | B4: 數量1 | C4: 數量2 | D4: 數量3 | E4: 數量4 | G4: 組合 | H4: 數量1 | I4: 數量2 | J4: 數量3 | K4: 數量4
A5: 倒模+鎖匙扣(掃瞄) | B5: 580 | C5: 480 | D5: 433 | E5: 400 | G5: 倒模+吊飾(掃瞄) | H5: 580 | I5: 480 | J5: 433 | K5: 400 | M5: *Updated as 4/2025*
A6: 倒模 | B6: 1280 | C6: 1280 | D6: 1280 | E6: 1280 | G6: 倒模 | H6: 1280 | I6: 1280 | J6: 1280 | K6: 1280 | M6: A Plan (倒模 +keychain） /$1380 1手1腳
A7: BB(掃瞄) | B7: 580 | C7: 960 | D7: 1299 | E7: 1600 | G7: BB(掃瞄) | H7: 580 | I7: 960 | J7: 1299 | K7: 1600 | M7: 1️⃣飾 $860
A8: 合價 | B8: =SUM(B6:B7) -> 1860 | C8: =SUM(C6:C7) -> 2240 | D8: =SUM(D6:D7) -> 2579 | E8: =SUM(E6:E7) -> 2880 | G8: 合價 | H8: =SUM(H6:H7) -> 1860 | I8: =SUM(I6:I7) -> 2240 | J8: =SUM(J6:J7) -> 2579 | K8: =SUM(K6:K7) -> 2880 | M8: 2️⃣飾 $1200(600)
M9: 3️⃣飾 $1680(560)
A10: 倒模+鎖匙扣(拍照) | B10: 780 | C10: 580 | D10: 480 | E10: 433 | G10: 倒模+吊飾(拍照) | H10: 780 | I10: 580 | J10: 480 | K10: 433 | M10: 4️⃣飾 $2000(500)
A11: 倒模 | B11: 1280 | C11: 1280 | D11: 1280 | E11: 1280 | G11: 倒模 | H11: 1280 | I11: 1280 | J11: 1280 | K11: 1280
A12: BB(拍照) | B12: 780 | C12: 1160 | D12: 1440 | E12: 1732 | G12: BB(拍照) | H12: 780 | I12: 1160 | J12: 1440 | K12: 1732 | M12: B Plan (keychain）(photo)
A13: 合價 | B13: =SUM(B11:B12) -> 2060 | C13: =SUM(C11:C12) -> 2440 | D13: =SUM(D11:D12) -> 2720 | E13: =SUM(E11:E12) -> 3012 | G13: 合價 | H13: =SUM(H11:H12) -> 2060 | I13: =SUM(I11:I12) -> 2440 | J13: =SUM(J11:J12) -> 2720 | K13: =SUM(K11:K12) -> 3012 | M13: 1️⃣飾 $1580(0)
M14: 2️⃣飾 $2170(1080)
A15: 倒模+鎖匙扣(掃瞄)+鎖匙扣(拍照)(合體) | B15: 1080 | C15: 860 | D15: 780 | E15: 580 | G15: 倒模+吊飾(掃瞄)+吊飾(拍照)(合體) | H15: 1080 | I15: 860 | J15: 780 | K15: 580 | M15: 3️⃣飾 $2940(980)
A16: 倒模 | B16: 1280 | C16: 1280 | D16: 1280 | E16: 1280 | G16: 倒模 | H16: 1280 | I16: 1280 | J16: 1280 | K16: 1280 | M16: 4️⃣飾 $3520(880)
A17: BB(掃+拍)(合體) | B17: 1080 | C17: 1720 | D17: 2340 | E17: 2320 | G17: BB(掃+拍)(合體) | H17: 1080 | I17: 1720 | J17: 2340 | K17: 2320 | M17: 5️⃣飾 $4400(880)
B18: =SUM(B16:B17) -> 2360 | C18: =SUM(C16:C17) -> 3000 | D18: =SUM(D16:D17) -> 3620 | E18: =SUM(E16:E17) -> 3600 | H18: =SUM(H16:H17) -> 2360 | I18: =SUM(I16:I17) -> 3000 | J18: =SUM(J16:J17) -> 3620 | K18: =SUM(K16:K17) -> 3600 | M18: 6️⃣飾 $5280(880)
A20: 倒模+鎖匙扣(掃瞄)+鎖匙扣(拍照)(合體) | B20: 1080 | C20: 860 | D20: 780 | E20: 580 | G20: 倒模+吊飾(掃瞄)+吊飾(拍照)(合體) | H20: 1080 | I20: 860 | J20: 780 | K20: 580
A21: 倒模 | B21: 1280 | C21: 1280 | D21: 1280 | E21: 1280 | G21: 倒模 | H21: 1280 | I21: 1280 | J21: 1280 | K21: 1280
A22: BB(掃+拍)(合體) | B22: 1080 | C22: 1720 | D22: 2340 | E22: 2320 | G22: BB(掃+拍)(合體) | H22: 1080 | I22: 1720 | J22: 2340 | K22: 2320
B23: =SUM(B21:B22) -> 2360 | C23: =SUM(C21:C22) -> 3000 | D23: =SUM(D21:D22) -> 3620 | E23: =SUM(E21:E22) -> 3600 | H23: =SUM(H21:H22) -> 2360 | I23: =SUM(I21:I22) -> 3000 | J23: =SUM(J21:J22) -> 3620 | K23: =SUM(K21:K22) -> 3600
A25: 家庭(BB手)(掃描) | B25: 1580 | C25: 1380 | D25: 1080 | E25: 980 | G25: 家庭(BB手)(掃描) | H25: 1580 | I25: 1380 | J25: 1080 | K25: 980
A26: BB(拍+拍)(合體) | G26: BB(拍+拍)(合體)
A27: 合價 | G27: 合價
A29: 鎖匙扣
A30: 價錢 | B30: 組合 | C30: 倒模 | D30: BB(掃瞄) 1 | E30: BB(掃瞄) 2 | F30: BB(掃瞄) 3 | G30: BB(掃瞄) 4 | H30: BB(拍照) 1 | I30: BB(拍照) 2 | J30: BB(拍照) 3 | K30: BB(拍照) 4 | L30: BB(掃+拍) (合體)1 | M30: BB(掃+拍) (合體)2 | N30: BB(掃+拍) (合體)3 | O30: BB(掃+拍) (合體)4 | P30: BB(拍+拍) (合體)1 | Q30: BB(拍+拍) (合體)2 | R30: BB(拍+拍) (合體)3 | S30: BB(拍+拍) (合體)4 | T30: 家庭(掃描) (手)1 | U30: 家庭(掃描) (手)2 | V30: 家庭(掃描) (手)3 | W30: 家庭(掃描) (手)4 | X30: 價錢2 | Y30: 成本 | Z30: 產品 | AA30: 欄5
B31: 倒模+吊飾(掃瞄) | C31: 1280 | D31: 580 | X31: 2060 | Z31: BB倒模+BB吊飾x1 | AA31: 倒模+吊飾1
C32: 1280 | D32: 480 | E32: 480 | X32: 2440 | Z32: BB倒模+BB吊飾x2 | AA32: 倒模+吊飾1+吊飾2
C33: 1280 | D33: 433 | E33: 433 | F33: 433 | X33: 2720 | Z33: BB倒模+BB吊飾x3 | AA33: 倒模+吊飾1+吊飾2+吊飾3
C34: 1280 | D34: 400 | E34: 400 | F34: 400 | G34: 400 | X34: 3012 | Z34: BB倒模+BB吊飾x3 | AA34: 倒模+吊飾1+吊飾2+吊飾3
B35: 倒模+吊飾(拍照) | C35: 1280 | H35: 780 | X35: 2360
C36: 1280 | H36: 580 | I36: 580 | X36: 3000
C37: 1280 | H37: 480 | I37: 480 | J37: 480 | X37: 3620
C38: 1280 | H38: 433 | I38: 433 | J38: 433 | K38: 433 | X38: 3600
B39: 倒模+吊飾(掃瞄)+吊飾(拍照)(合體) | C39: 1280 | L39: 1080 | X39: 0
C40: 1280 | L40: 860 | M40: 860 | X40: 0
C41: 1280 | L41: 780 | M41: 780 | N41: 780 | X41: 0
C42: 1280 | L42: 580 | M42: 580 | N42: 580 | O42: 580 | X42: 0
B43: 吊飾(拍照)+吊飾(拍照)(合體) | X43: 0 | Z43: #解釋
P44: 1380 | Q44: 1380 | X44: 0 | Z44: 倒模+吊飾$1860(1000+860)
P45: 1080 | Q45: 1080 | R45: 1080 | X45: 0 | Z45: 齋吊飾$1080
P46: 980 | Q46: 980 | R46: 980 | S46: 980 | X46: 0 | Z46: 倒模+合體吊飾$2160(1080+1080)

Sheet 年結
A1: 年份 | B1: 吊飾 | C1: KeyChain | D1: 打印數量 | E1: 營收 | F1: 成本 | G1: 利潤 | H1: 營利佔有率
A2: 2023/5 | B2: 0 | C2: 143 | D2: 143 | E2: 66910 | F2: 28866 | G2: =(E2-F2) -> 38044 | H2: =(E2-F2)/E2 -> 0.56858467
A3: 2024/1 | B3: 19 | C3: 170 | D3: 189 | E3: 107457 | F3: 41631 | G3: 65826 | H3: 0.61
A4: 2025/1 | B4: 46 | C4: 213 | D4: 259 | E4: 190758 | F4: 75251 | G4: 139960 | H4: 0.73
A5: 2026/1 | B5: =SUMIF(銷售_2026!H:H, "吊飾", 銷售_2026!J:J) -> 3 | C5: =SUMIF(銷售_2026!H:H, "鎖匙扣",銷售_2026!J:J) -> 40 | D5: =銷售_2026!J1 -> 43 | E5: =銷售_2026!M1 -> 28980 | F5: =銷售_2026!N1 -> 10670 | G5: =銷售_2026!P1 -> 22079 | H5: =銷售_2026!Q1 -> 0.76187026

Sheet 參考圖
A1: 31mm
Q3: 31mm
B19: 第二批 | E19: 第16批 | I19: 第15批 | M19: 第15批
B20: Kaylen | E20: CHUN | I20: RSYL | M20: JYKS
B41: 30mm | E41: 25MM | H41: 29mm | L41: 28mm | P41: 29mm | S41: 30mm
B42: 第8批 | E42: 第12批 | H42: 第12批 | L42: 第16批 | P42: 第14批 | S42: 第11批
B43: Kayann123 | E43: boboTsang | H43: Michelle | L43: Karlee | P43: AnneLai | S43: Yoki
O53: 環 | P53: 4.8 | T53: 4.8
E54: 環 | F54: 4.8837mm | O54: 手 | P54: 18.2 | T54: 13.2
E55: 腳 | F55: 20.xxxmm | P55: 23mm | T55: 18
F56: 25mm

Sheet 報價表_鎖匙扣
A1: Updated as 2024-09-15 | H1: Updated as 2024-09-15
A2: 對象 | B2: 產品 | C2: 材料 | D2: 數量 | E2: 價錢 | F2: 產品2 | H2: 組合 | I2: 數量1 | J2: 數量2 | K2: 數量3 | L2: 數量4 | O2: 產品 | P2: 編號 | Q2: 成本 | R2: 編號2 | S2: 成本3 | T2: 產品4 | U2: 編號5 | V2: 成本6 | W2: 產品7 | X2: 編號8 | Y2: 成本9
A3: 嬰兒 | B3: 鎖匙扣 | C3: 不锈鋼 | D3: 1 | E3: =$Q$25 -> 185 | F3: 首B手 | H3: 倒模+鎖匙扣(掃瞄) | I3: 580 | J3: 480 | K3: 433 | L3: 400 | O3: B手x2 | P3: A102 | Q3: =SUM(Q25,Q26) -> 290 | R3: PA102 | S3: =SUM(Q31,Q32) -> 406 | T3: 家庭手x2 | U3: FA102 | V3: =E24 -> 460 | W3: 家庭手(P)x2 | X3: PFA102 | Y3: =SUM(Q46,Q47)-120 -> 612
A4: 嬰兒 | B4: 鎖匙扣 | C4: 不锈鋼 | D4: 2 | E4: =SUM(E3,$Q$26) -> 290 | F4: B手x2 | H4: 倒模 | I4: 1280 | J4: 1280 | K4: 1280 | L4: 1280 | O4: B手x3 | P4: A103 | Q4: =SUM(Q3,$Q$26) -> 395 | R4: PA103 | S4: =SUM(S3,$Q$32) -> 538 | T4: 家庭手x3 | U4: FA103 | V4: =SUM(V3,$Q$45) -> 1047 | W4: 家庭手(P)x3 | X4: PFA103 | Y4: =SUM(Y3,$Q$47) -> 1199
A5: 嬰兒 | B5: 鎖匙扣 | C5: 不锈鋼 | D5: 3 | E5: =SUM(E4,$Q$26) -> 395 | F5: B手x3 | H5: BB(掃瞄) | I5: 580 | J5: 960 | K5: 1299 | L5: 1600 | O5: B手x4 | P5: A104 | Q5: =SUM(Q4,$Q$26) -> 500 | R5: PA104 | S5: =SUM(S4,$Q$32) -> 670 | T5: 家庭手x4 | U5: FA104 | V5: =SUM(V4,$Q$45) -> 1634 | W5: 家庭手(P)x4 | X5: PFA104 | Y5: =SUM(Y4,$Q$47) -> 1786
A6: 嬰兒 | B6: 鎖匙扣 | C6: 不锈鋼 | D6: 4 | E6: =SUM(E5,$Q$26) -> 500 | F6: B手x4 | H6: 合價 | I6: =SUM(I4:I5) -> 1860 | J6: =SUM(J4:J5) -> 2240 | K6: =SUM(K4:K5) -> 2579 | L6: =SUM(L4:L5) -> 2880 | O6: B手x5 | P6: A105 | Q6: =SUM(Q5,$Q$26) -> 605 | R6: PA105 | S6: =SUM(S5,$Q$32) -> 802 | T6: 家庭手x5 | U6: FA105 | V6: =SUM(V5,$Q$45) -> 2221 | W6: 家庭手(P)x5 | X6: PFA105 | Y6: =SUM(Y5,$Q$47) -> 2373
A7: 嬰兒 | B7: 鎖匙扣 | C7: 不锈鋼 | D7: 5 | E7: =SUM(E6,$Q$26) -> 605 | F7: B手x5 | O7: B手x6 | P7: A106 | Q7: =SUM(Q6,$Q$26) -> 710 | R7: PA106 | S7: =SUM(S6,$Q$32) -> 934 | T7: 家庭手x6 | U7: FA106 | V7: =SUM(V6,$Q$45) -> 2808 | W7: 家庭手(P)x6 | X7: PFA106 | Y7: =SUM(Y6,$Q$47) -> 2960
A8: 嬰兒 | B8: 鎖匙扣 | C8: 不锈鋼 | D8: 6 | E8: =SUM(E7,$Q$26) -> 710 | F8: B手x6 | H8: 倒模+鎖匙扣(拍照) | I8: 780 | J8: 580 | K8: 480 | L8: 433 | O8: B手x7 | P8: A107 | Q8: =SUM(Q7,$Q$26) -> 815 | R8: PA107 | S8: =SUM(S7,$Q$32) -> 1066 | T8: 家庭手x7 | U8: FA107 | V8: =SUM(V7,$Q$45) -> 3395 | W8: 家庭手(P)x7 | X8: PFA107 | Y8: =SUM(Y7,$Q$47) -> 3547
A9: 嬰兒 | B9: 鎖匙扣 | C9: 不锈鋼 | D9: 7 | E9: =SUM(E8,$Q$26) -> 815 | F9: B手x7 | H9: 倒模 | I9: 1280 | J9: 1280 | K9: 1280 | L9: 1280 | O9: B手x8 | P9: A108 | Q9: =SUM(Q8,$Q$26) -> 920 | R9: PA108 | S9: =SUM(S8,$Q$32) -> 1198 | T9: 家庭手x8 | U9: FA108 | V9: =SUM(V8,$Q$45) -> 3982 | W9: 家庭手(P)x8 | X9: PFA108 | Y9: =SUM(Y8,$Q$47) -> 4134
A10: 嬰兒 | B10: 鎖匙扣 | C10: 不锈鋼 | D10: 8 | E10: =SUM(E9,$Q$26) -> 920 | F10: B手x8 | H10: BB(拍照) | I10: 780 | J10: 1160 | K10: 1440 | L10: 1732 | O10: B手x9 | P10: A109 | Q10: =SUM(Q9,$Q$26) -> 1025 | R10: PA109 | S10: =SUM(S9,$Q$32) -> 1330 | T10: 家庭手x9 | U10: FA109 | V10: =SUM(V9,$Q$45) -> 4569 | W10: 家庭手(P)x9 | X10: PFA109 | Y10: =SUM(Y9,$Q$47) -> 4721
A11: 嬰兒 | B11: 鎖匙扣 | C11: 不锈鋼 | D11: 9 | E11: =SUM(E10,$Q$26) -> 1025 | F11: B手x9 | H11: 合價 | I11: =SUM(I9:I10) -> 2060 | J11: =SUM(J9:J10) -> 2440 | K11: =SUM(K9:K10) -> 2720 | L11: =SUM(L9:L10) -> 3012 | O11: B手x10 | P11: A110 | Q11: =SUM(Q10,$Q$26) -> 1130 | R11: PA110 | S11: =SUM(S10,$Q$32) -> 1462 | T11: 家庭手x10 | U11: FA110 | V11: =SUM(V10,$Q$45) -> 5156 | W11: 家庭手(P)x10 | X11: PFA110 | Y11: =SUM(Y10,$Q$47) -> 5308
A12: 嬰兒 | B12: 鎖匙扣 | C12: 不锈鋼 | D12: 10 | E12: =SUM(E11,$Q$26) -> 1130 | F12: B手x10 | O12: B手腳X2 | P12: AB102 | Q12: =SUM(Q25,Q26)+60 -> 350 | R12: PAB102 | S12: =SUM(Q31,$Q$32)+120 -> 526 | T12: 家庭手腳x2 | U12: PFAB102 | V12: =SUM(Q44,Q45) -> 732 | W12: 家庭手腳(P)x2 | X12: PFAB102 | Y12: =SUM(Q46,Q47) -> 732
A13: 嬰兒(P) | B13: 鎖匙扣 | C13: 不锈鋼 | D13: 1 | E13: =$Q$29 -> 247 | F13: 首B手(P) | H13: 倒模+鎖匙扣(掃瞄)+鎖匙扣(拍照)(合體) | I13: 1080 | J13: 860 | K13: 780 | L13: 580 | O13: B手腳X3 | P13: AB103 | Q13: =SUM(Q12,$Q$26) -> 455 | R13: PAB103 | S13: =SUM(S12,$Q$32) -> 658 | T13: 家庭手腳x3 | U13: PFAB103 | V13: =SUM(V12,$Q$45) -> 1319 | W13: 家庭手腳(P)x3 | X13: PFAB103 | Y13: =SUM(Y12,$Q$47) -> 1319
A14: 嬰兒(P) | B14: 鎖匙扣 | C14: 不锈鋼 | D14: 2 | E14: =SUM(E13,$Q$30) -> 352 | F14: B手(P)x2 | H14: 倒模 | I14: 1280 | J14: 1280 | K14: 1280 | L14: 1280 | O14: B手腳X4 | P14: AB104 | Q14: =SUM(Q13,$Q$26) -> 560 | R14: PAB104 | S14: =SUM(S13,$Q$32) -> 790 | T14: 家庭手腳x4 | U14: PFAB104 | V14: =SUM(V13,$Q$45) -> 1906 | W14: 家庭手腳(P)x4 | X14: PFAB104 | Y14: =SUM(Y13,$Q$47) -> 1906
A15: 嬰兒(P) | B15: 鎖匙扣 | C15: 不锈鋼 | D15: 3 | E15: =SUM(E14,$Q$30) -> 457 | F15: B手(P)x3 | H15: BB(掃+拍)(合體) | I15: 1080 | J15: 1720 | K15: 2340 | L15: 2320 | O15: B手腳X5 | P15: AB105 | Q15: =SUM(Q14,$Q$26) -> 665 | R15: PAB105 | S15: =SUM(S14,$Q$32) -> 922 | T15: 家庭手腳x5 | U15: PFAB105 | V15: =SUM(V14,$Q$45) -> 2493 | W15: 家庭手腳(P)x5 | X15: PFAB105 | Y15: =SUM(Y14,$Q$47) -> 2493
A16: 嬰兒(P) | B16: 鎖匙扣 | C16: 不锈鋼 | D16: 4 | E16: =SUM(E15,$Q$30) -> 562 | F16: B手(P)x4 | I16: =SUM(I14:I15) -> 2360 | J16: =SUM(J14:J15) -> 3000 | K16: =SUM(K14:K15) -> 3620 | L16: =SUM(L14:L15) -> 3600 | O16: B手腳X6 | P16: AB106 | Q16: =SUM(Q15,$Q$26) -> 770 | R16: PAB106 | S16: =SUM(S15,$Q$32) -> 1054 | T16: 家庭手腳x6 | U16: PFAB106 | V16: =SUM(V15,$Q$45) -> 3080 | W16: 家庭手腳(P)x6 | X16: PFAB106 | Y16: =SUM(Y15,$Q$47) -> 3080
A17: 嬰兒(P) | B17: 鎖匙扣 | C17: 不锈鋼 | D17: 5 | E17: =SUM(E16,$Q$30) -> 667 | F17: B手(P)x5 | O17: B手腳X7 | P17: AB107 | Q17: =SUM(Q16,$Q$26) -> 875 | R17: PAB107 | S17: =SUM(S16,$Q$32) -> 1186 | T17: 家庭手腳x7 | U17: PFAB107 | V17: =SUM(V16,$Q$45) -> 3667 | W17: 家庭手腳(P)x7 | X17: PFAB107 | Y17: =SUM(Y16,$Q$47) -> 3667
A18: 嬰兒(P) | B18: 鎖匙扣 | C18: 不锈鋼 | D18: 6 | E18: =SUM(E17,$Q$30) -> 772 | F18: B手(P)x6 | H18: 倒模+鎖匙扣(掃瞄)+鎖匙扣(拍照)(合體) | I18: 1080 | J18: 860 | K18: 780 | L18: 580 | O18: B手腳X8 | P18: AB108 | Q18: =SUM(Q17,$Q$26) -> 980 | R18: PAB108 | S18: =SUM(S17,$Q$32) -> 1318 | T18: 家庭手腳x8 | U18: PFAB108 | V18: =SUM(V17,$Q$45) -> 4254 | W18: 家庭手腳(P)x8 | X18: PFAB108 | Y18: =SUM(Y17,$Q$47) -> 4254
A19: 嬰兒(P) | B19: 鎖匙扣 | C19: 不锈鋼 | D19: 7 | E19: =SUM(E18,$Q$30) -> 877 | F19: B手(P)x7 | H19: 倒模 | I19: 1280 | J19: 1280 | K19: 1280 | L19: 1280 | O19: B手腳X9 | P19: AB109 | Q19: =SUM(Q18,$Q$26) -> 1085 | R19: PAB109 | S19: =SUM(S18,$Q$32) -> 1450 | T19: 家庭手腳x9 | U19: PFAB109 | V19: =SUM(V18,$Q$45) -> 4841 | W19: 家庭手腳(P)x9 | X19: PFAB109 | Y19: =SUM(Y18,$Q$47) -> 4841
A20: 嬰兒(P) | B20: 鎖匙扣 | C20: 不锈鋼 | D20: 8 | E20: =SUM(E19,$Q$30) -> 982 | F20: B手(P)x8 | H20: BB(掃+拍)(合體) | I20: 1080 | J20: 1720 | K20: 2340 | L20: 2320 | O20: B手腳X10 | P20: AB110 | Q20: =SUM(Q19,$Q$26) -> 1190 | R20: PAB110 | S20: =SUM(S19,$Q$32) -> 1582 | T20: 家庭手腳x10 | U20: PFAB110 | V20: =SUM(V19,$Q$45) -> 5428 | W20: 家庭手腳(P)x10 | X20: PFAB110 | Y20: =SUM(Y19,$Q$47) -> 5428
A21: 嬰兒(P) | B21: 鎖匙扣 | C21: 不锈鋼 | D21: 9 | E21: =SUM(E20,$Q$30) -> 1087 | F21: B手(P)x9 | I21: =SUM(I19:I20) -> 2360 | J21: =SUM(J19:J20) -> 3000 | K21: =SUM(K19:K20) -> 3620 | L21: =SUM(L19:L20) -> 3600 | O21: A for hand | P21: B for foot | Q21: F for Family
A22: 嬰兒(P) | B22: 鎖匙扣 | C22: 不锈鋼 | D22: 10 | E22: =SUM(E21,$Q$30) -> 1192 | F22: B手(P)x10
A23: 家庭(S1) | B23: 鎖匙扣 | C23: 不锈鋼 | D23: 1 | E23: =$Q$33 -> 315 | F23: 首家庭手 | H23: 家庭(BB手)(掃描) | I23: 1580 | J23: 1380 | K23: 1080 | L23: 980 | O23: Updated as 2024-09-15
A24: 家庭(S1) | B24: 鎖匙扣 | C24: 不锈鋼 | D24: 2 | E24: =SUM(E23,$Q$34) -> 460 | F24: 首家庭手x2 | H24: BB(拍+拍)(合體) | O24: 產品 | P24: 編號 | Q24: 成本 | R24: 畫圖 | S24: 打印 | T24: 環扣 | U24: 運費 | V24: 調價 | X24: 組合 | Y24: 手/腳 | Z24: 產品 | AA24: 材料 | AB24: 數量
A25: 家庭(S1) | B25: 鎖匙扣 | C25: 不锈鋼 | D25: 3 | E25: =SUM(E24,$Q$34) -> 605 | F25: 首家庭手x3 | H25: 合價 | O25: 嬰兒 | P25: A1 | Q25: =SUM(R25:V25) -> 185 | R25: 60 | S25: 95 | T25: 10 | U25: 20 | V25: 不锈鋼 | X25: 嬰兒 | Y25: 手 | Z25: 鎖匙扣 | AA25: 不锈鋼
A26: 家庭(S1) | B26: 鎖匙扣 | C26: 不锈鋼 | D26: 4 | E26: =SUM(E25,$Q$34) -> 750 | F26: 首家庭手x4 | O26: 嬰兒 | P26: A2 | Q26: =SUM(R26:V26) -> 105 | S26: 95 | T26: 10 | X26: 嬰兒(P) | Y26: 腳 | Z26: 吊飾 | AA26: 925銀
A27: 家庭(S1) | B27: 鎖匙扣 | C27: 不锈鋼 | D27: 5 | E27: =SUM(E26,$Q$34) -> 895 | F27: 首家庭手x5 | O27: 嬰兒 | P27: A1 | Q27: =SUM(R27:V27) -> 212 | R27: 60 | S27: 122 | T27: 10 | U27: 20 | V27: 鋁合金 | X27: 家庭(S1) | Y27: 手腳 | AA27: 925金
A28: 家庭(S1) | B28: 鎖匙扣 | C28: 不锈鋼 | D28: 6 | E28: =SUM(E27,$Q$34) -> 1040 | F28: 首家庭手x6 | O28: 嬰兒 | P28: A2 | Q28: =SUM(R28:V28) -> 132 | S28: 122 | T28: 10 | X28: 家庭(S2) | AA28: 黃銅
A29: 家庭(S1) | B29: 鎖匙扣 | C29: 不锈鋼 | D29: 7 | E29: =SUM(E28,$Q$34) -> 1185 | F29: 首家庭手x7 | O29: 嬰兒(P) | P29: PA1 | Q29: =SUM(R29:V29) -> 247 | R29: 122 | S29: 95 | T29: 10 | U29: 20 | V29: 不锈鋼 | X29: 家庭(P1) | AA29: 鋁合金
A30: 家庭(S1) | B30: 鎖匙扣 | C30: 不锈鋼 | D30: 8 | E30: =SUM(E29,$Q$34) -> 1330 | F30: 首家庭手x8 | O30: 嬰兒(P) | P30: PA2 | Q30: =SUM(R30:V30) -> 105 | S30: 95 | T30: 10 | X30: 家庭(P2)
A31: 家庭(S1) | B31: 鎖匙扣 | C31: 不锈鋼 | D31: 9 | E31: =SUM(E30,$Q$34) -> 1475 | F31: 首家庭手x9 | O31: 嬰兒(P) | P31: PA1 | Q31: =SUM(R31:V31) -> 274 | R31: 122 | S31: 122 | T31: 10 | U31: 20 | V31: 鋁合金
A32: 家庭(S1) | B32: 鎖匙扣 | C32: 不锈鋼 | D32: 10 | E32: =SUM(E31,$Q$34) -> 1620 | F32: 首家庭手x10 | O32: 嬰兒(P) | P32: PA2 | Q32: =SUM(R32:V32) -> 132 | S32: 122 | T32: 10
A33: 家庭(S2) | B33: 鎖匙扣 | C33: 不锈鋼 | D33: 1 | E33: =$Q$37 -> 375 | F33: 首家庭手腳 | O33: 家庭(S1) | P33: FAB1 | Q33: =SUM(R33:V33) -> 315 | R33: 150 | S33: 135 | T33: 10 | U33: 20 | V33: 不锈鋼
A34: 家庭(S2) | B34: 鎖匙扣 | C34: 不锈鋼 | D34: 2 | E34: =SUM(E33,$Q$38) -> 520 | F34: 首家庭手腳x2 | O34: 家庭(S1) | P34: FAB2 | Q34: =SUM(R34:V34) -> 145 | S34: 135 | T34: 10
A35: 家庭(S2) | B35: 鎖匙扣 | C35: 不锈鋼 | D35: 3 | E35: =SUM(E34,$Q$38) -> 665 | F35: 首家庭手腳x3 | O35: 家庭(S1) | P35: FAB1 | Q35: =SUM(R35:V35) -> 315 | R35: 150 | S35: 135 | T35: 10 | U35: 20 | V35: 鋁合金
A36: 家庭(S2) | B36: 鎖匙扣 | C36: 不锈鋼 | D36: 4 | E36: =SUM(E35,$Q$38) -> 810 | F36: 首家庭手腳x4 | O36: 家庭(S1) | P36: FAB2 | Q36: =SUM(R36:V36) -> 145 | S36: 135 | T36: 10
A37: 家庭(S2) | B37: 鎖匙扣 | C37: 不锈鋼 | D37: 5 | E37: =SUM(E36,$Q$38) -> 955 | F37: 首家庭手腳x5 | O37: 家庭(S2) | P37: FAB1 | Q37: =SUM(R37:V37) -> 375 | R37: 210 | S37: 135 | T37: 10 | U37: 20 | V37: 不锈鋼
A38: 家庭(S2) | B38: 鎖匙扣 | C38: 不锈鋼 | D38: 6 | E38: =SUM(E37,$Q$38) -> 1100 | F38: 首家庭手腳x6 | O38: 家庭(S2) | P38: FAB2 | Q38: =SUM(R38:V38) -> 145 | S38: 135 | T38: 10
A39: 家庭(S2) | B39: 鎖匙扣 | C39: 不锈鋼 | D39: 7 | E39: =SUM(E38,$Q$38) -> 1245 | F39: 首家庭手腳x7 | O39: 家庭(S2) | P39: FAB1 | Q39: =SUM(R39:V39) -> 375 | R39: 210 | S39: 135 | T39: 10 | U39: 20 | V39: 鋁合金
A40: 家庭(S2) | B40: 鎖匙扣 | C40: 不锈鋼 | D40: 8 | E40: =SUM(E39,$Q$38) -> 1390 | F40: 首家庭手腳x8 | O40: 家庭(S2) | P40: FAB2 | Q40: =SUM(R40:V40) -> 145 | S40: 135 | T40: 10
A41: 家庭(S2) | B41: 鎖匙扣 | C41: 不锈鋼 | D41: 9 | E41: =SUM(E40,$Q$38) -> 1535 | F41: 首家庭手腳x9 | O41: 家庭(P1) | P41: PFAB1 | Q41: =SUM(R41:V41) -> 465 | R41: 300 | S41: 135 | T41: 10 | U41: 20 | V41: 不锈鋼
A42: 家庭(S2) | B42: 鎖匙扣 | C42: 不锈鋼 | D42: 10 | E42: =SUM(E41,$Q$38) -> 1680 | F42: 首家庭手腳x10 | O42: 家庭(P1) | P42: PFAB2 | Q42: =SUM(R42:V42) -> 145 | S42: 135 | T42: 10
A43: 家庭(P1) | B43: 鎖匙扣 | C43: 不锈鋼 | D43: 1 | E43: =$Q$41 -> 465 | F43: 家庭手(P) | O43: 家庭(P1) | P43: PFAB1 | Q43: =SUM(R43:V43) -> 465 | R43: 300 | S43: 135 | T43: 10 | U43: 20 | V43: 鋁合金
A44: 家庭(P1) | B44: 鎖匙扣 | C44: 不锈鋼 | D44: 2 | E44: =SUM(E43,$Q$42) -> 610 | F44: 家庭手(P)x2 | O44: 家庭(P1) | P44: PFAB2 | Q44: =SUM(R44:V44) -> 145 | S44: 135 | T44: 10
A45: 家庭(P1) | B45: 鎖匙扣 | C45: 不锈鋼 | D45: 3 | E45: =SUM(E44,$Q$42) -> 755 | F45: 家庭手(P)x3 | O45: 家庭(P2) | P45: PFAB1 | Q45: =SUM(R45:V45) -> 587 | R45: 422 | S45: 135 | T45: 10 | U45: 20 | V45: 不锈鋼
A46: 家庭(P1) | B46: 鎖匙扣 | C46: 不锈鋼 | D46: 4 | E46: =SUM(E45,$Q$42) -> 900 | F46: 家庭手(P)x4 | O46: 家庭(P2) | P46: PFAB2 | Q46: =SUM(R46:V46) -> 145 | S46: 135 | T46: 10
A47: 家庭(P1) | B47: 鎖匙扣 | C47: 不锈鋼 | D47: 5 | E47: =SUM(E46,$Q$42) -> 1045 | F47: 家庭手(P)x5 | O47: 家庭(P2) | P47: PFAB1 | Q47: =SUM(R47:V47) -> 587 | R47: 422 | S47: 135 | T47: 10 | U47: 20 | V47: 鋁合金
A48: 家庭(P1) | B48: 鎖匙扣 | C48: 不锈鋼 | D48: 6 | E48: =SUM(E47,$Q$42) -> 1190 | F48: 家庭手(P)x6 | O48: 家庭(P2) | P48: PFAB2 | Q48: =SUM(R48:V48) -> 145 | S48: 135 | T48: 10
A49: 家庭(P1) | B49: 鎖匙扣 | C49: 不锈鋼 | D49: 7 | E49: =SUM(E48,$Q$42) -> 1335 | F49: 家庭手(P)x7
A50: 家庭(P1) | B50: 鎖匙扣 | C50: 不锈鋼 | D50: 8 | E50: =SUM(E49,$Q$42) -> 1480 | F50: 家庭手(P)x8
A51: 家庭(P1) | B51: 鎖匙扣 | C51: 不锈鋼 | D51: 9 | E51: =SUM(E50,$Q$42) -> 1625 | F51: 家庭手(P)x9
A52: 家庭(P1) | B52: 鎖匙扣 | C52: 不锈鋼 | D52: 10 | E52: =SUM(E51,$Q$42) -> 1770 | F52: 家庭手(P)x10
A53: 家庭(P2) | B53: 鎖匙扣 | C53: 不锈鋼 | D53: 1 | E53: =$Q$45 -> 587 | F53: 家庭手腳(P)x1
A54: 家庭(P2) | B54: 鎖匙扣 | C54: 不锈鋼 | D54: 2 | E54: =SUM(E53,$Q$46) -> 732 | F54: 家庭手腳(P)x2
A55: 家庭(P2) | B55: 鎖匙扣 | C55: 不锈鋼 | D55: 3 | E55: =SUM(E54,$Q$46) -> 877 | F55: 家庭手腳(P)x3
A56: 家庭(P2) | B56: 鎖匙扣 | C56: 不锈鋼 | D56: 4 | E56: =SUM(E55,$Q$46) -> 1022 | F56: 家庭手腳(P)x4
A57: 家庭(P2) | B57: 鎖匙扣 | C57: 不锈鋼 | D57: 5 | E57: =SUM(E56,$Q$46) -> 1167 | F57: 家庭手腳(P)x5
A58: 家庭(P2) | B58: 鎖匙扣 | C58: 不锈鋼 | D58: 6 | E58: =SUM(E57,$Q$46) -> 1312 | F58: 家庭手腳(P)x6
A59: 家庭(P2) | B59: 鎖匙扣 | C59: 不锈鋼 | D59: 7 | E59: =SUM(E58,$Q$46) -> 1457 | F59: 家庭手腳(P)x7
A60: 家庭(P2) | B60: 鎖匙扣 | C60: 不锈鋼 | D60: 8 | E60: =SUM(E59,$Q$46) -> 1602 | F60: 家庭手腳(P)x8
A61: 家庭(P2) | B61: 鎖匙扣 | C61: 不锈鋼 | D61: 9 | E61: =SUM(E60,$Q$46) -> 1747 | F61: 家庭手腳(P)x9
A62: 家庭(P2) | B62: 鎖匙扣 | C62: 不锈鋼 | D62: 10 | E62: =SUM(E61,$Q$46) -> 1892 | F62: 家庭手腳(P)x10
A63: 嬰兒 | B63: 鎖匙扣 | C63: 鋁合金 | D63: 1 | E63: =$Q$27 -> 212 | F63: 首B手
A64: 嬰兒 | B64: 鎖匙扣 | C64: 鋁合金 | D64: 2 | E64: =SUM(E63,$Q$28) -> 344 | F64: B手x2
A65: 嬰兒 | B65: 鎖匙扣 | C65: 鋁合金 | D65: 3 | E65: =SUM(E64,$Q$28) -> 476 | F65: B手x3
A66: 嬰兒 | B66: 鎖匙扣 | C66: 鋁合金 | D66: 4 | E66: =SUM(E65,$Q$28) -> 608 | F66: B手x4
A67: 嬰兒 | B67: 鎖匙扣 | C67: 鋁合金 | D67: 5 | E67: =SUM(E66,$Q$28) -> 740 | F67: B手x5
A68: 嬰兒 | B68: 鎖匙扣 | C68: 鋁合金 | D68: 6 | E68: =SUM(E67,$Q$28) -> 872 | F68: B手x6
A69: 嬰兒 | B69: 鎖匙扣 | C69: 鋁合金 | D69: 7 | E69: =SUM(E68,$Q$28) -> 1004 | F69: B手x7
A70: 嬰兒 | B70: 鎖匙扣 | C70: 鋁合金 | D70: 8 | E70: =SUM(E69,$Q$28) -> 1136 | F70: B手x8
A71: 嬰兒 | B71: 鎖匙扣 | C71: 鋁合金 | D71: 9 | E71: =SUM(E70,$Q$28) -> 1268 | F71: B手x9
A72: 嬰兒 | B72: 鎖匙扣 | C72: 鋁合金 | D72: 10 | E72: =SUM(E71,$Q$28) -> 1400 | F72: B手x10
A73: 嬰兒(P) | B73: 鎖匙扣 | C73: 鋁合金 | D73: 1 | E73: =$Q$31 -> 274 | F73: 首B手(P)
A74: 嬰兒(P) | B74: 鎖匙扣 | C74: 鋁合金 | D74: 2 | E74: =SUM(E73,$Q$32) -> 406 | F74: B手(P)x2
A75: 嬰兒(P) | B75: 鎖匙扣 | C75: 鋁合金 | D75: 3 | E75: =SUM(E74,$Q$32) -> 538 | F75: B手(P)x3
A76: 嬰兒(P) | B76: 鎖匙扣 | C76: 鋁合金 | D76: 4 | E76: =SUM(E75,$Q$32) -> 670 | F76: B手(P)x4
A77: 嬰兒(P) | B77: 鎖匙扣 | C77: 鋁合金 | D77: 5 | E77: =SUM(E76,$Q$32) -> 802 | F77: B手(P)x5
A78: 嬰兒(P) | B78: 鎖匙扣 | C78: 鋁合金 | D78: 6 | E78: =SUM(E77,$Q$32) -> 934 | F78: B手(P)x6
A79: 嬰兒(P) | B79: 鎖匙扣 | C79: 鋁合金 | D79: 7 | E79: =SUM(E78,$Q$32) -> 1066 | F79: B手(P)x7
A80: 嬰兒(P) | B80: 鎖匙扣 | C80: 鋁合金 | D80: 8 | E80: =SUM(E79,$Q$32) -> 1198 | F80: B手(P)x8
A81: 嬰兒(P) | B81: 鎖匙扣 | C81: 鋁合金 | D81: 9 | E81: =SUM(E80,$Q$32) -> 1330 | F81: B手(P)x9
A82: 嬰兒(P) | B82: 鎖匙扣 | C82: 鋁合金 | D82: 10 | E82: =SUM(E81,$Q$32) -> 1462 | F82: B手(P)x10
A83: 家庭(S1) | B83: 鎖匙扣 | C83: 鋁合金 | D83: 1 | E83: =$Q$35 -> 315 | F83: 首家庭手
A84: 家庭(S1) | B84: 鎖匙扣 | C84: 鋁合金 | D84: 2 | E84: =SUM(E83,$Q$36) -> 460 | F84: 首家庭手x2
A85: 家庭(S1) | B85: 鎖匙扣 | C85: 鋁合金 | D85: 3 | E85: =SUM(E84,$Q$36) -> 605 | F85: 首家庭手x3
A86: 家庭(S1) | B86: 鎖匙扣 | C86: 鋁合金 | D86: 4 | E86: =SUM(E85,$Q$36) -> 750 | F86: 首家庭手x4
A87: 家庭(S1) | B87: 鎖匙扣 | C87: 鋁合金 | D87: 5 | E87: =SUM(E86,$Q$36) -> 895 | F87: 首家庭手x5
A88: 家庭(S1) | B88: 鎖匙扣 | C88: 鋁合金 | D88: 6 | E88: =SUM(E87,$Q$36) -> 1040 | F88: 首家庭手x6
A89: 家庭(S1) | B89: 鎖匙扣 | C89: 鋁合金 | D89: 7 | E89: =SUM(E88,$Q$36) -> 1185 | F89: 首家庭手x7
A90: 家庭(S1) | B90: 鎖匙扣 | C90: 鋁合金 | D90: 8 | E90: =SUM(E89,$Q$36) -> 1330 | F90: 首家庭手x8
A91: 家庭(S1) | B91: 鎖匙扣 | C91: 鋁合金 | D91: 9 | E91: =SUM(E90,$Q$36) -> 1475 | F91: 首家庭手x9
A92: 家庭(S1) | B92: 鎖匙扣 | C92: 鋁合金 | D92: 10 | E92: =SUM(E91,$Q$36) -> 1620 | F92: 首家庭手x10
A93: 家庭(S2) | B93: 鎖匙扣 | C93: 鋁合金 | D93: 1 | E93: =$Q$39 -> 375 | F93: 首家庭手腳
A94: 家庭(S2) | B94: 鎖匙扣 | C94: 鋁合金 | D94: 2 | E94: =SUM(E93,$Q$40) -> 520 | F94: 首家庭手腳x2
A95: 家庭(S2) | B95: 鎖匙扣 | C95: 鋁合金 | D95: 3 | E95: =SUM(E94,$Q$40) -> 665 | F95: 首家庭手腳x3
A96: 家庭(S2) | B96: 鎖匙扣 | C96: 鋁合金 | D96: 4 | E96: =SUM(E95,$Q$40) -> 810 | F96: 首家庭手腳x4
A97: 家庭(S2) | B97: 鎖匙扣 | C97: 鋁合金 | D97: 5 | E97: =SUM(E96,$Q$40) -> 955 | F97: 首家庭手腳x5
A98: 家庭(S2) | B98: 鎖匙扣 | C98: 鋁合金 | D98: 6 | E98: =SUM(E97,$Q$40) -> 1100 | F98: 首家庭手腳x6
A99: 家庭(S2) | B99: 鎖匙扣 | C99: 鋁合金 | D99: 7 | E99: =SUM(E98,$Q$40) -> 1245 | F99: 首家庭手腳x7
A100: 家庭(S2) | B100: 鎖匙扣 | C100: 鋁合金 | D100: 8 | E100: =SUM(E99,$Q$40) -> 1390 | F100: 首家庭手腳x8
...

Sheet 報價單
C3: 訂單明細
C5: 客戶姓名 | D5: =_xlfn.XLOOKUP($D$6,客戶!C:C,客戶!B:B) -> ABC
C6: 電話 | D6: 9740-7133 | F6: 訂單編號 | G6: 6
C7: 地址 | D7: ABC | F7: 訂單日期 | G7: 44926
C9: 編號 | D9: 產品 | E9: 數量 | F9: 單價 | G9: 金額
C10: P003 | D10: 直筒工作褲 | E10: 2 | F10: 690 | G10: =IF(OR(E10="",F10=""),"",E10*F10) -> 1380
C11: P006 | D11: 修身九分褲 | E11: 1 | F11: 810 | G11: =IF(OR(E11="",F11=""),"",E11*F11) -> 810
G12: =IF(OR(E12="",F12=""),"",E12*F12)
G13: =IF(OR(E13="",F13=""),"",E13*F13)
G14: =IF(OR(E14="",F14=""),"",E14*F14)
G15: =IF(OR(E15="",F15=""),"",E15*F15)
G16: =IF(OR(E16="",F16=""),"",E16*F16)
F17: 小計 | G17: =SUM(G10:G16) -> 2190
F18: 運費 | G18: =IF(G10="",0,50) -> 50
F19: 總計 | G19: =G17+G18 -> 2240
C21: 備註

Sheet 客戶
A1: 編號 | B1: 姓名 | C1: 電話 | D1: 地址
A2: 1 | B2: 王小明 | C2: 0910-132645 | D2: 台北市東華街二段716號
A3: 2 | B3: 林阿杰 | C3: 0972-647512 | D3: 台北市文昌路648號
A4: 3 | B4: 葉小美 | C4: 0938-295678 | D4: 台中市福科路960號
A5: 4 | B5: 李小怡 | C5: 0957-696961 | D5: 高雄市左營區華夏路1012號
A6: 5 | B6: 江小花 | C6: 0934-123465 | D6: 台南市仁德區忠義一街860號
A7: 6 | B7: ABC | C7: 9740-7133 | D7: Testing address
A8: =銷售_2026!#REF! -> #REF! | B8: ABCD | C8: 5168-4031 | D8: Testing address2
